"Date","Price","Open","High","Low","Vol.","Change %"
"01/12/2026","36.79","36.73","36.79","36.67","21.84K","0.04%"
"01/09/2026","36.78","36.56","36.79","36.54","14.94K","0.89%"
"01/08/2026","36.46","36.46","36.49","36.33","24.78K","-0.04%"
"01/07/2026","36.47","36.58","36.58","36.44","20.72K","-0.25%"
"01/06/2026","36.56","36.46","36.63","36.35","35.80K","0.54%"
"01/05/2026","36.37","36.13","36.37","36.06","34.62K","0.94%"
"01/02/2026","36.03","35.78","36.10","35.78","43.90K","0.68%"
"12/31/2025","35.78","35.73","35.78","35.62","9.06K","-0.07%"
"12/30/2025","35.81","35.58","35.84","35.56","21.10K","0.72%"
"12/29/2025","35.55","35.56","35.63","35.49","36.45K","-0.11%"
"12/24/2025","35.59","35.61","35.69","35.54","7.98K","0.15%"
"12/23/2025","35.53","35.47","35.58","35.43","14.95K","0.42%"
"12/22/2025","35.38","35.44","35.50","35.31","15.95K","-0.32%"
"12/19/2025","35.50","35.40","35.52","35.28","20.58K","0.50%"
"12/18/2025","35.33","34.99","35.33","34.99","8.27K","0.89%"
"12/17/2025","35.01","35.10","35.18","34.99","6.26K","-0.03%"
"12/16/2025","35.03","35.11","35.25","34.90","8.52K","-0.45%"
"12/15/2025","35.19","35.06","35.22","35.04","14.59K","0.70%"
"12/12/2025","34.94","35.22","35.33","34.92","25.31K","-0.54%"
"12/11/2025","35.13","34.88","35.19","34.84","9.08K","0.52%"
"12/10/2025","34.95","34.85","34.95","34.80","5.40K","0.00%"
"12/09/2025","34.95","35.09","35.10","34.90","10.03K","-0.03%"
"12/08/2025","34.96","34.96","34.99","34.90","11.23K","-0.03%"
"12/05/2025","34.97","35.03","35.12","34.97","13.41K","-0.03%"
"12/04/2025","34.98","34.92","35.03","34.83","9.30K","0.45%"
"12/03/2025","34.83","34.86","34.95","34.74","11.95K","0.13%"
"12/02/2025","34.78","34.72","34.92","34.71","13.90K","0.12%"
"12/01/2025","34.74","34.68","34.79","34.61","13.79K","-0.22%"
"11/28/2025","34.81","34.99","34.99","34.68","9.79K","0.23%"
"11/27/2025","34.74","34.67","34.76","34.63","5.09K","0.16%"
"11/26/2025","34.68","34.46","34.71","34.34","6.94K","1.08%"
"11/25/2025","34.31","34.10","34.33","33.94","12.53K","0.60%"
"11/24/2025","34.10","34.15","34.22","33.90","14.20K","0.31%"
"11/21/2025","34.00","33.70","34.01","33.66","14.50K","-0.22%"
"11/20/2025","34.08","34.29","34.33","34.08","29.44K","0.37%"
"11/19/2025","33.95","33.98","34.17","33.85","13.69K","-0.07%"
"11/18/2025","33.97","34.15","34.21","33.85","58.42K","-1.68%"
"11/17/2025","34.56","34.78","34.80","34.49","24.40K","-0.55%"
"11/14/2025","34.74","34.83","34.84","34.40","13.26K","-1.05%"
"11/13/2025","35.12","35.40","35.44","35.09","7.61K","-0.52%"
"11/12/2025","35.30","35.20","35.38","35.20","13.91K","0.70%"
"11/11/2025","35.06","34.77","35.08","34.77","14.21K","1.34%"
"11/10/2025","34.59","34.51","34.65","34.40","17.56K","1.36%"
"11/07/2025","34.13","34.38","34.39","34.01","7.68K","-0.54%"
"11/06/2025","34.31","34.51","34.53","34.26","12.81K","-0.68%"
"11/05/2025","34.54","34.20","34.60","34.20","12.64K","0.30%"
"11/04/2025","34.44","34.17","34.45","33.97","27.84K","-0.30%"
"11/03/2025","34.54","34.53","34.69","34.50","15.13K","0.03%"
"10/31/2025","34.53","34.67","34.67","34.46","9.92K","-0.50%"
"10/30/2025","34.71","34.68","34.71","34.51","10.91K","0.00%"
"10/29/2025","34.71","34.73","34.85","34.68","9.75K","-0.12%"
"10/28/2025","34.74","34.74","34.78","34.67","7.30K","-0.20%"
"10/27/2025","34.81","34.79","34.81","34.69","13.93K","0.26%"
"10/24/2025","34.72","34.76","34.76","34.54","6.46K","0.20%"
"10/23/2025","34.65","34.63","34.68","34.57","9.38K","0.33%"
"10/22/2025","34.54","34.51","34.66","34.50","5.28K","-0.22%"
"10/21/2025","34.62","34.58","34.66","34.51","10.66K","0.22%"
"10/20/2025","34.54","34.40","34.58","34.35","30.78K","0.96%"
"10/17/2025","34.21","34.04","34.35","33.88","11.27K","-0.91%"
"10/16/2025","34.53","34.33","34.53","34.23","15.11K","0.74%"
"10/15/2025","34.27","34.32","34.35","34.21","7.77K","0.60%"
"10/14/2025","34.06","33.93","34.08","33.82","19.89K","-0.34%"
"10/13/2025","34.18","34.15","34.26","34.04","23.98K","0.44%"
"10/10/2025","34.03","34.48","34.63","34.00","10.63K","-1.22%"
"10/09/2025","34.45","34.60","34.65","34.45","7.15K","-0.46%"
"10/08/2025","34.61","34.44","34.65","34.40","8.90K","0.70%"
"10/07/2025","34.37","34.40","34.49","34.33","11.22K","-0.12%"
"10/06/2025","34.41","34.38","34.49","34.24","15.67K","-0.01%"
"10/03/2025","34.42","34.38","34.42","34.31","9.15K","0.39%"
"10/02/2025","34.28","34.33","34.39","34.21","14.68K","0.63%"
"10/01/2025","34.06","33.68","34.10","33.64","8.68K","1.22%"
"09/30/2025","33.65","33.49","33.66","33.38","9.41K","0.40%"
"09/29/2025","33.52","33.54","33.61","33.46","12.58K","0.16%"
"09/26/2025","33.47","33.29","33.50","33.27","6.12K","0.83%"
"09/25/2025","33.19","33.26","33.37","33.13","14.88K","-0.60%"
"09/24/2025","33.39","33.40","33.47","33.27","7.41K","-0.18%"
"09/23/2025","33.45","33.44","33.58","33.39","6.18K","0.22%"
"09/22/2025","33.38","33.43","33.43","33.28","9.04K","-0.13%"
"09/19/2025","33.42","33.47","33.57","33.40","6.37K","-0.04%"
"09/18/2025","33.44","33.40","33.50","33.35","5.12K","0.83%"
"09/17/2025","33.16","33.24","33.30","33.15","5.92K","0.02%"
"09/16/2025","33.15","33.55","33.63","33.15","10.38K","-1.18%"
"09/15/2025","33.55","33.54","33.66","33.49","16.69K","0.34%"
"09/12/2025","33.44","33.50","33.52","33.35","6.27K","-0.06%"
"09/11/2025","33.46","33.35","33.50","33.28","7.84K","0.54%"
"09/10/2025","33.28","33.45","33.49","33.25","5.66K","-0.06%"
"09/09/2025","33.29","33.33","33.39","33.21","5.21K","0.06%"
"09/08/2025","33.28","33.24","33.30","33.14","6.80K","0.50%"
"09/05/2025","33.11","33.26","33.31","33.04","4.67K","-0.15%"
"09/04/2025","33.16","32.99","33.30","32.95","4.72K","0.61%"
"09/03/2025","32.96","32.90","32.99","32.76","5.29K","0.70%"
"09/02/2025","32.73","33.17","33.17","32.73","14.85K","-1.48%"
"09/01/2025","33.22","33.22","33.28","33.14","10.77K","0.27%"
"08/29/2025","33.13","33.30","33.33","33.12","6.67K","-0.60%"
"08/28/2025","33.33","33.51","33.51","33.29","3.65K","-0.18%"
"08/27/2025","33.39","33.44","33.45","33.30","33.73K","0.13%"
"08/26/2025","33.35","33.43","33.49","33.29","44.17K","-0.77%"
"08/25/2025","33.60","33.72","33.76","33.58","14.20K","-0.52%"
"08/22/2025","33.78","33.62","33.90","33.58","5.26K","0.46%"
"08/21/2025","33.63","33.63","33.67","33.48","6.34K","-0.07%"
"08/20/2025","33.65","33.46","33.69","33.45","5.03K","0.10%"
"08/19/2025","33.62","33.38","33.62","33.35","8.64K","0.89%"
"08/18/2025","33.32","33.33","33.33","33.22","12.62K","0.05%"
"08/15/2025","33.31","33.47","33.49","33.29","9.47K","0.06%"
"08/14/2025","33.28","33.14","33.30","33.14","15.57K","0.59%"
"08/13/2025","33.09","33.00","33.10","33.00","8.62K","0.59%"
"08/12/2025","32.90","32.94","32.98","32.80","6.43K","0.24%"
"08/11/2025","32.81","32.96","32.97","32.79","15.38K","-0.08%"
"08/08/2025","32.84","32.83","32.87","32.77","7.95K","0.20%"
"08/07/2025","32.78","32.49","32.85","32.47","4.26K","1.00%"
"08/06/2025","32.45","32.59","32.61","32.40","21.11K","-0.12%"
"08/05/2025","32.49","32.58","32.63","32.44","16.56K","0.11%"
"08/04/2025","32.46","32.19","32.46","32.16","27.83K","1.39%"
"08/01/2025","32.01","32.44","32.49","31.92","21.48K","-2.30%"
"07/31/2025","32.76","33.13","33.19","32.75","10.77K","-0.79%"
"07/30/2025","33.03","32.96","33.10","32.94","9.55K","0.00%"
"07/29/2025","33.03","33.07","33.28","33.01","10.46K","0.14%"
"07/28/2025","32.98","33.33","33.33","32.92","10.89K","-0.12%"
"07/25/2025","33.02","32.97","33.06","32.90","7.11K","-0.23%"
"07/24/2025","33.10","33.19","33.25","33.05","15.20K","0.18%"
"07/23/2025","33.03","32.97","33.09","32.94","29.57K","1.06%"
"07/22/2025","32.69","32.73","32.74","32.59","7.64K","-0.40%"
"07/21/2025","32.82","32.87","32.87","32.72","11.30K","-0.03%"
"07/18/2025","32.83","32.98","33.01","32.80","10.00K","-0.11%"
"07/17/2025","32.87","32.78","32.87","32.74","5.50K","1.05%"
"07/16/2025","32.53","32.63","32.78","32.53","11.70K","-0.66%"
"07/15/2025","32.74","32.95","32.98","32.73","13.79K","-0.37%"
"07/14/2025","32.86","32.71","32.86","32.69","6.03K","-0.06%"
"07/11/2025","32.88","33.15","33.15","32.83","7.11K","-1.02%"
"07/10/2025","33.22","33.20","33.26","33.15","9.89K","0.54%"
"07/09/2025","33.04","32.88","33.09","32.82","11.42K","0.87%"
"07/08/2025","32.76","32.69","32.79","32.58","9.47K","0.29%"
"07/07/2025","32.66","32.53","32.67","32.49","10.38K","0.45%"
"07/04/2025","32.51","32.56","32.60","32.40","16.88K","-0.46%"
"07/03/2025","32.67","32.66","32.78","32.53","8.46K","0.40%"
"07/02/2025","32.53","32.62","32.67","32.40","13.52K","0.22%"
"07/01/2025","32.47","32.61","32.61","32.29","10.80K","-0.18%"
"06/30/2025","32.53","32.75","32.79","32.50","9.60K","-0.49%"
"06/27/2025","32.69","32.51","32.70","32.49","10.79K","1.19%"
"06/26/2025","32.30","32.38","32.40","32.24","5.26K","0.06%"
"06/25/2025","32.28","32.60","32.66","32.28","8.09K","-0.78%"
"06/24/2025","32.53","32.65","32.65","32.49","8.12K","1.10%"
"06/23/2025","32.18","32.17","32.31","32.05","7.41K","-0.33%"
"06/20/2025","32.28","32.38","32.53","32.27","4.52K","0.14%"
"06/19/2025","32.24","32.36","32.42","32.23","9.11K","-0.72%"
"06/18/2025","32.47","32.60","32.61","32.42","4.42K","-0.38%"
"06/17/2025","32.60","32.63","32.71","32.49","10.04K","-0.88%"
"06/16/2025","32.89","32.84","32.93","32.75","6.69K","0.38%"
"06/13/2025","32.76","32.74","32.90","32.68","8.09K","-0.82%"
"06/12/2025","33.03","33.03","33.13","32.85","10.31K","-0.36%"
"06/11/2025","33.15","33.28","33.31","33.15","16.53K","-0.21%"
"06/10/2025","33.22","33.28","33.36","33.14","6.39K","-0.09%"
"06/09/2025","33.26","33.33","33.34","33.17","11.93K","-0.17%"
"06/06/2025","33.31","33.21","33.35","33.17","8.17K","0.33%"
"06/05/2025","33.20","33.18","33.29","33.01","8.91K","0.18%"
"06/04/2025","33.14","33.08","33.21","33.04","14.06K","0.55%"
"06/03/2025","32.96","32.99","33.04","32.75","22.06K","0.20%"
"06/02/2025","32.90","32.92","32.96","32.67","12.75K","-0.23%"
"05/30/2025","32.97","32.92","33.13","32.88","10.11K","0.27%"
"05/29/2025","32.88","33.13","33.20","32.84","10.76K","-0.18%"
"05/28/2025","32.94","33.19","33.22","32.94","12.07K","-0.66%"
"05/27/2025","33.16","33.12","33.27","33.08","15.14K","0.11%"
"05/26/2025","33.13","33.13","33.15","33.02","11.62K","1.28%"
"05/23/2025","32.71","33.10","33.15","32.28","19.65K","-0.91%"
"05/22/2025","33.01","33.10","33.13","32.83","9.80K","-0.69%"
"05/21/2025","33.24","33.19","33.26","33.01","12.45K","0.02%"
"05/20/2025","33.23","33.06","33.27","33.02","8.39K","0.83%"
"05/19/2025","32.96","32.87","32.98","32.72","11.69K","0.20%"
"05/16/2025","32.89","32.92","33.00","32.74","12.76K","0.60%"
"05/15/2025","32.69","32.44","32.70","32.38","8.46K","0.62%"
"05/14/2025","32.49","32.62","32.65","32.44","10.66K","-0.26%"
"05/13/2025","32.58","32.58","32.67","32.55","16.29K","0.03%"
"05/12/2025","32.57","32.49","32.57","32.30","42.11K","1.29%"
"05/09/2025","32.15","32.13","32.24","32.11","9.72K","0.44%"
"05/08/2025","32.01","32.02","32.20","31.93","3.64K","0.42%"
"05/07/2025","31.88","31.94","31.99","31.81","13.31K","-0.47%"
"05/06/2025","32.03","32.15","32.15","31.80","23.57K","-0.36%"
"05/05/2025","32.15","32.04","32.15","32.01","21.72K","0.34%"
"05/02/2025","32.03","31.76","32.12","31.70","16.61K","1.88%"
"04/30/2025","31.44","31.45","31.50","31.11","17.05K","0.53%"
"04/29/2025","31.28","31.35","31.35","31.17","17.43K","0.35%"
"04/28/2025","31.17","31.19","31.28","31.10","11.58K","0.48%"
"04/25/2025","31.02","31.06","31.13","30.92","21.25K","0.36%"
"04/24/2025","30.91","30.70","30.94","30.57","7.92K","0.55%"
"04/23/2025","30.74","30.70","30.93","30.56","21.05K","1.69%"
"04/22/2025","30.23","30.03","30.25","29.90","10.23K","0.55%"
"04/17/2025","30.07","30.08","30.14","29.93","22.54K","-0.23%"
"04/16/2025","30.14","29.99","30.17","29.80","13.13K","-0.25%"
"04/15/2025","30.21","29.90","30.21","29.83","20.63K","1.63%"
"04/14/2025","29.73","29.52","29.76","29.40","12.63K","2.66%"
"04/11/2025","28.95","29.21","29.21","28.52","13.38K","0.00%"
"04/10/2025","28.95","29.93","29.97","28.95","40.26K","3.78%"
"04/09/2025","27.90","28.06","28.35","27.60","17.36K","-3.64%"
"04/08/2025","28.95","28.63","29.25","28.35","26.79K","2.12%"
"04/07/2025","28.35","27.58","29.53","27.44","59.44K","-3.77%"
"04/04/2025","29.46","30.78","31.05","29.23","34.04K","-5.14%"
"04/03/2025","31.06","31.30","31.53","30.95","13.36K","-2.59%"
"04/02/2025","31.88","31.93","31.93","31.65","7.11K","-0.50%"
"04/01/2025","32.04","32.00","32.36","31.84","7.06K","1.06%"
"03/31/2025","31.70","31.87","31.92","31.58","13.37K","-1.45%"
"03/28/2025","32.17","32.35","32.51","32.06","9.19K","-0.74%"
"03/27/2025","32.41","32.32","32.45","32.22","7.67K","-0.31%"
"03/26/2025","32.51","32.81","32.82","32.50","6.45K","-0.70%"
"03/25/2025","32.74","32.76","32.88","32.62","6.20K","0.66%"
"03/24/2025","32.53","33.01","33.01","32.46","18.23K","-0.17%"
"03/21/2025","32.58","32.65","32.66","32.46","5.02K","-0.52%"
"03/20/2025","32.75","32.90","33.00","32.58","4.95K","-0.40%"
"03/19/2025","32.88","32.74","32.93","32.69","16.07K","0.20%"
"03/18/2025","32.81","32.74","32.94","32.70","9.31K","0.58%"
"03/17/2025","32.63","32.42","32.65","32.40","16.28K","0.79%"
"03/14/2025","32.37","32.01","32.40","32.00","11.12K","1.16%"
"03/13/2025","32.00","32.04","32.24","31.93","8.69K","-0.08%"
"03/12/2025","32.03","31.97","32.33","31.86","18.84K","0.83%"
"03/11/2025","31.76","32.26","32.35","31.70","18.67K","-1.76%"
"03/10/2025","32.33","32.88","32.88","32.28","14.51K","-1.27%"
"03/07/2025","32.74","32.76","33.01","32.60","14.78K","-0.52%"
"03/06/2025","32.92","33.06","33.10","32.65","19.73K","0.02%"
"03/05/2025","32.91","32.95","33.20","32.91","17.28K","0.77%"
"03/04/2025","32.66","33.13","33.15","32.63","23.52K","-2.16%"
"03/03/2025","33.38","33.18","33.51","32.99","20.84K","1.17%"
"02/28/2025","32.99","32.81","33.01","32.72","9.23K","-0.08%"
"02/27/2025","33.02","32.96","33.08","32.85","9.18K","-0.38%"
"02/26/2025","33.15","33.00","33.18","32.94","8.54K","1.02%"
"02/25/2025","32.81","32.76","32.99","32.74","13.78K","0.11%"
"02/24/2025","32.78","32.82","32.88","32.60","20.29K","-0.06%"
"02/21/2025","32.79","32.69","32.83","32.65","5.74K","0.52%"
"02/20/2025","32.63","32.72","32.79","32.59","5.04K","-0.15%"
"02/19/2025","32.67","32.99","32.99","32.62","10.06K","-0.88%"
"02/18/2025","32.97","32.93","33.00","32.83","12.94K","0.30%"
"02/17/2025","32.87","32.71","32.88","32.70","12.90K","0.55%"
"02/14/2025","32.69","32.74","32.81","32.63","10.68K","-0.24%"
"02/13/2025","32.76","32.60","32.93","32.45","16.15K","1.22%"
"02/12/2025","32.37","32.40","32.43","32.24","8.90K","0.06%"
"02/11/2025","32.35","32.29","32.37","32.23","13.66K","0.23%"
"02/10/2025","32.28","32.17","32.30","32.14","12.40K","0.56%"
"02/07/2025","32.10","32.21","32.22","32.03","5.53K","-0.36%"
"02/06/2025","32.21","32.00","32.24","31.97","5.29K","1.19%"
"02/05/2025","31.83","31.68","31.83","31.60","5.97K","0.52%"
"02/04/2025","31.67","31.59","31.72","31.38","18.37K","0.29%"
"02/03/2025","31.58","31.37","31.59","31.32","15.18K","-0.85%"
"01/31/2025","31.84","31.88","32.01","31.82","11.71K","0.09%"
"01/30/2025","31.82","31.60","31.83","31.60","6.79K","0.86%"
"01/29/2025","31.55","31.74","31.74","31.41","10.87K","0.49%"
"01/28/2025","31.39","31.38","31.50","31.32","4.80K","0.35%"
"01/27/2025","31.28","31.15","31.32","31.01","23.85K","0.03%"
"01/24/2025","31.27","31.37","31.44","31.23","17.57K","-0.06%"
"01/23/2025","31.29","31.20","31.28","31.11","81.23K","0.48%"
"01/22/2025","31.14","31.19","31.30","31.14","4.68K","0.32%"
"01/21/2025","31.04","30.97","31.05","30.92","9.93K","0.26%"
"01/20/2025","30.96","30.98","31.05","30.86","8.26K","0.08%"
"01/17/2025","30.93","30.88","30.99","30.83","5.87K","0.77%"
"01/16/2025","30.70","30.64","30.70","30.57","2.84K","0.87%"
"01/15/2025","30.43","30.07","30.45","30.07","3.72K","1.45%"
"01/14/2025","30.00","30.26","30.26","30.00","4.90K","-0.17%"
"01/13/2025","30.05","30.09","30.10","29.93","9.47K","-0.50%"
"01/10/2025","30.20","30.41","30.48","30.19","7.49K","-0.77%"
"01/09/2025","30.43","30.24","30.49","30.20","7.38K","0.46%"
"01/08/2025","30.30","30.39","30.51","30.17","17.41K","-0.20%"
"01/07/2025","30.35","30.26","30.39","30.13","5.40K","0.13%"
"01/06/2025","30.32","30.10","30.32","29.97","17.76K","1.25%"
"01/03/2025","29.94","30.15","30.15","29.89","11.45K","-0.58%"
"01/02/2025","30.11","30.05","30.13","29.80","7.66K","0.75%"
"12/31/2024","29.89","29.81","29.96","29.69","5.59K","0.62%"
"12/30/2024","29.70","29.83","29.86","29.62","3.70K","-0.67%"
"12/27/2024","29.91","29.58","29.91","29.58","5.62K","0.27%"
"12/24/2024","29.83","29.95","29.95","29.74","1.75K","0.74%"
"12/23/2024","29.60","29.59","29.76","29.53","3.81K","-0.05%"
"12/20/2024","29.62","29.70","29.70","29.20","10.12K","-0.59%"
"12/19/2024","29.80","30.00","30.05","29.76","8.03K","-1.63%"
"12/18/2024","30.29","30.35","30.38","30.25","1.63K","0.00%"
"12/17/2024","30.30","30.29","30.37","30.20","11.54K","-0.30%"
"12/16/2024","30.39","30.65","30.68","30.32","5.82K","-0.08%"
"12/13/2024","30.41","30.57","30.59","30.37","5.05K","-0.49%"
"12/12/2024","30.56","30.74","30.74","30.56","35.08K","-0.39%"
"12/11/2024","30.68","30.52","30.70","30.49","13.08K","0.36%"
"12/10/2024","30.57","30.69","30.72","30.56","4.29K","-0.63%"
"12/09/2024","30.76","30.84","30.84","30.69","9.53K","0.28%"
"12/06/2024","30.68","30.64","30.75","30.62","4.37K","0.13%"
"12/05/2024","30.64","30.50","30.65","30.50","12.39K","0.26%"
"12/04/2024","30.56","30.53","30.60","30.42","9.35K","0.39%"
"12/03/2024","30.44","30.41","30.52","30.36","5.57K","0.46%"
"12/02/2024","30.30","30.01","30.33","30.01","11.12K","0.61%"
"11/29/2024","30.11","29.83","30.11","29.83","2.47K","0.67%"
"11/28/2024","29.92","29.86","30.00","29.83","2.53K","0.67%"
"11/27/2024","29.72","29.77","29.80","29.65","5.94K","-0.45%"
"11/26/2024","29.85","29.97","30.00","29.77","2.74K","-0.55%"
"11/25/2024","30.01","30.19","30.19","29.93","15.54K","0.10%"
"11/22/2024","29.99","29.75","30.02","29.63","6.24K","1.03%"
"11/21/2024","29.68","29.48","29.68","29.33","2.31K","0.70%"
"11/20/2024","29.48","29.61","29.71","29.48","13.98K","-0.10%"
"11/19/2024","29.50","29.71","29.71","29.23","6.28K","-0.37%"
"11/18/2024","29.61","29.61","29.68","29.47","5.21K","-0.02%"
"11/15/2024","29.62","29.68","29.80","29.60","3.70K","-0.75%"
"11/14/2024","29.84","29.54","29.89","29.54","6.83K","1.08%"
"11/13/2024","29.52","29.56","29.61","29.35","4.07K","-0.10%"
"11/12/2024","29.56","29.93","29.93","29.53","5.15K","-1.92%"
"11/11/2024","30.14","30.07","30.24","30.07","4.31K","1.14%"
"11/08/2024","29.80","30.02","30.04","29.75","5.16K","-0.78%"
"11/07/2024","30.03","30.14","30.14","29.89","3.13K","0.74%"
"11/06/2024","29.81","30.43","30.59","29.76","7.21K","-0.62%"
"11/05/2024","30.00","30.06","30.08","29.89","2.02K","0.02%"
"11/04/2024","29.99","30.26","30.26","29.99","4.69K","-0.35%"
"11/01/2024","30.09","29.85","30.17","29.85","3.98K","1.07%"
"10/31/2024","29.77","29.95","29.98","29.65","6.39K","-1.18%"
"10/30/2024","30.13","30.42","30.69","30.06","4.65K","-1.25%"
"10/29/2024","30.51","30.84","30.84","30.51","6.72K","-0.60%"
"10/28/2024","30.69","30.72","30.73","30.45","2.86K","0.47%"
"10/25/2024","30.55","30.59","30.63","30.49","2.31K","-0.08%"
"10/24/2024","30.58","30.66","30.78","30.58","6.05K","0.10%"
"10/23/2024","30.55","30.67","30.73","30.53","2.01K","-0.23%"
"10/22/2024","30.61","31.28","31.28","30.44","3.02K","-0.26%"
"10/21/2024","30.69","30.85","30.97","30.69","6.39K","-0.66%"
"10/18/2024","30.90","30.86","30.95","30.78","4.49K","0.11%"
"10/17/2024","30.86","30.68","31.00","30.60","2.30K","0.78%"
"10/16/2024","30.63","30.59","30.67","30.50","4.06K","0.03%"
"10/15/2024","30.61","31.00","31.00","30.61","5.55K","-0.91%"
"10/14/2024","30.90","30.83","30.92","30.68","6.69K","0.59%"
"10/11/2024","30.72","30.62","30.78","30.52","3.48K","0.49%"
"10/10/2024","30.57","30.64","30.70","30.49","3.75K","-0.10%"
"10/09/2024","30.59","30.47","30.63","30.42","15.77K","0.54%"
"10/08/2024","30.43","30.37","30.50","30.25","2.22K","-0.47%"
"10/07/2024","30.58","31.00","31.00","30.45","3.61K","0.18%"
"10/04/2024","30.52","30.47","30.59","30.40","2.87K","0.44%"
"10/03/2024","30.39","30.66","30.66","30.35","4.84K","-0.91%"
"10/02/2024","30.67","30.82","30.82","30.55","6.50K","0.11%"
"10/01/2024","30.63","30.88","30.94","30.58","4.57K","-0.54%"
"09/30/2024","30.80","30.95","31.09","30.75","8.43K","-0.98%"
"09/27/2024","31.10","30.92","31.20","30.92","4.20K","0.66%"
"09/26/2024","30.90","30.80","30.97","30.80","3.16K","1.21%"
"09/25/2024","30.52","30.46","30.61","30.46","3.47K","-0.08%"
"09/24/2024","30.55","30.60","30.61","30.44","6.83K","0.63%"
"09/23/2024","30.36","30.28","30.40","30.20","2.54K","0.33%"
"09/20/2024","30.26","30.58","30.58","30.23","2.27K","-1.29%"
"09/19/2024","30.66","30.58","30.75","30.44","2.55K","1.32%"
"09/18/2024","30.25","30.39","30.39","30.24","4.40K","-0.46%"
"09/17/2024","30.40","30.40","30.53","30.37","2.80K","0.33%"
"09/16/2024","30.30","30.32","30.41","30.25","","-0.31%"
"09/13/2024","30.39","30.17","30.44","30.17","4.24K","0.73%"
"09/12/2024","30.17","30.30","30.30","30.07","1.23K","0.94%"
"09/11/2024","29.89","30.01","30.10","29.78","4.06K","-0.02%"
"09/10/2024","29.90","29.99","30.16","29.82","3.20K","-0.47%"
"09/09/2024","30.03","30.01","30.08","29.97","3.87K","0.86%"
"09/06/2024","29.78","30.06","30.24","29.80","38.19K","-1.01%"
"09/05/2024","30.08","30.26","30.44","30.08","2.36K","-0.73%"
"09/04/2024","30.31","30.28","30.36","30.24","14.57K","-1.11%"
"09/03/2024","30.65","30.94","30.94","30.58","7.37K","-0.76%"
"09/02/2024","30.88","30.91","30.94","30.74","5.08K","-0.06%"
"08/30/2024","30.90","30.93","31.02","30.90","4.91K","0.06%"
"08/29/2024","30.88","30.65","30.92","30.65","3.93K","0.75%"
"08/28/2024","30.65","30.67","30.77","30.58","2.70K","0.36%"
"08/27/2024","30.54","30.59","30.61","30.50","1.45K","0.03%"
"08/26/2024","30.53","30.60","30.65","30.46","3.77K","0.07%"
"08/23/2024","30.51","30.43","30.56","30.39","1.79K","0.48%"
"08/22/2024","30.36","30.32","30.68","30.29","2.90K","0.36%"
"08/21/2024","30.25","30.25","30.32","30.17","5.35K","0.27%"
"08/20/2024","30.17","30.35","30.38","30.17","4.75K","-0.46%"
"08/19/2024","30.32","30.51","30.51","30.10","3.30K","0.71%"
"08/16/2024","30.10","30.15","30.20","30.00","5.16K","0.07%"
"08/15/2024","30.08","29.77","30.39","29.70","4.83K","1.42%"
"08/14/2024","29.66","29.69","29.69","29.54","3.92K","0.51%"
"08/13/2024","29.51","29.49","29.56","29.25","13.75K","0.60%"
"08/12/2024","29.33","29.51","29.55","29.33","4.73K","-0.14%"
"08/09/2024","29.38","29.32","29.49","29.22","28.89K","0.55%"
"08/08/2024","29.22","29.01","29.25","28.85","3.08K","0.27%"
"08/07/2024","29.14","28.91","29.24","28.80","14.70K","1.43%"
"08/06/2024","28.73","28.83","28.93","28.50","11.16K","0.38%"
"08/05/2024","28.61","28.54","28.72","28.17","21.71K","-2.24%"
"08/02/2024","29.27","29.74","29.93","29.20","8.73K","-2.43%"
"08/01/2024","30.00","30.30","30.48","29.99","5.65K","-1.45%"
"07/31/2024","30.44","30.50","30.55","30.40","26.12K","0.93%"
"07/30/2024","30.16","30.17","30.28","30.05","5.45K","0.37%"
"07/29/2024","30.05","30.28","30.30","30.01","3.57K","-0.13%"
"07/26/2024","30.09","29.95","30.14","29.87","3.39K","0.74%"
"07/25/2024","29.87","29.90","29.90","29.60","4.36K","-0.67%"
"07/24/2024","30.07","30.08","30.18","29.98","2.16K","-0.71%"
"07/23/2024","30.28","30.28","30.43","30.15","3.73K","0.15%"
"07/22/2024","30.24","30.14","30.34","30.08","3.33K","0.97%"
"07/19/2024","29.95","30.14","30.14","29.90","6.96K","-0.70%"
"07/18/2024","30.16","30.30","30.44","30.16","11.41K","-0.31%"
"07/17/2024","30.25","30.31","30.35","30.10","4.09K","-0.44%"
"07/16/2024","30.39","30.34","30.43","30.28","7.77K","-0.34%"
"07/15/2024","30.50","30.78","30.81","30.48","4.91K","-0.99%"
"07/12/2024","30.80","30.60","30.83","30.54","4.44K","0.90%"
"07/11/2024","30.52","30.41","30.59","30.40","3.27K","0.63%"
"07/10/2024","30.33","30.19","30.35","30.09","8.32K","0.81%"
"07/09/2024","30.09","30.30","30.35","30.08","7.77K","-0.87%"
"07/08/2024","30.35","30.38","30.58","30.31","42.80K","0.00%"
"07/05/2024","30.35","30.49","30.59","30.30","8.55K","-0.28%"
"07/04/2024","30.43","30.35","30.49","30.35","3.31K","0.64%"
"07/03/2024","30.24","30.20","30.32","30.15","8.13K","0.73%"
"07/02/2024","30.02","30.05","30.06","29.87","8.13K","-0.53%"
"07/01/2024","30.18","30.38","30.39","30.13","10.32K","0.37%"
"06/28/2024","30.07","30.19","30.28","30.03","3.07K","-0.23%"
"06/27/2024","30.14","30.31","30.37","30.15","1.61K","-0.45%"
"06/26/2024","30.27","30.50","30.64","30.17","30.87K","-0.48%"
"06/25/2024","30.42","30.50","30.63","30.35","1.93K","-0.34%"
"06/24/2024","30.52","30.34","30.55","30.24","2.75K","0.89%"
"06/21/2024","30.25","30.48","30.48","30.20","3.62K","-0.77%"
"06/20/2024","30.49","30.30","30.50","30.28","3.31K","0.89%"
"06/19/2024","30.22","30.26","30.30","30.19","1.53K","-0.07%"
"06/18/2024","30.24","30.30","30.30","30.10","4.80K","0.65%"
"06/17/2024","30.05","30.11","30.25","29.91","10.37K","0.03%"
"06/14/2024","30.03","30.40","30.40","29.94","6.41K","-1.01%"
"06/13/2024","30.34","30.74","30.74","30.28","4.38K","-1.20%"
"06/12/2024","30.71","30.45","30.76","30.45","5.98K","0.97%"
"06/11/2024","30.42","30.70","30.76","30.36","3.99K","-0.93%"
"06/10/2024","30.70","30.62","30.70","30.48","5.70K","-0.24%"
"06/07/2024","30.77","30.88","31.00","30.65","3.89K","-0.15%"
"06/06/2024","30.82","30.77","30.90","30.74","3.17K","0.54%"
"06/05/2024","30.66","30.60","30.71","30.48","4.77K","1.05%"
"06/04/2024","30.33","30.42","30.45","30.21","6.10K","-0.51%"
"06/03/2024","30.49","30.69","30.72","30.40","4.75K","0.38%"
"05/31/2024","30.38","30.33","30.44","30.27","2.11K","0.23%"
"05/30/2024","30.31","30.11","30.40","30.08","2.56K","0.58%"
"05/29/2024","30.13","30.40","30.40","30.08","4.78K","-1.05%"
"05/28/2024","30.45","30.65","30.65","30.38","3.66K","-0.47%"
"05/27/2024","30.59","30.52","30.63","30.50","3.52K","0.20%"
"05/24/2024","30.53","30.39","30.79","30.25","5.17K","-0.16%"
"05/23/2024","30.58","30.64","30.73","30.53","2.70K","0.16%"
"05/22/2024","30.53","30.60","30.60","30.49","2.16K","-0.41%"
"05/21/2024","30.66","30.65","30.67","30.51","3.14K","-0.16%"
"05/20/2024","30.71","30.72","30.74","30.60","2.91K","0.38%"
"05/17/2024","30.59","30.65","30.65","30.51","3.13K","-0.21%"
"05/16/2024","30.66","30.77","30.78","30.61","5.27K","-0.07%"
"05/15/2024","30.68","30.64","30.69","30.55","3.18K","0.62%"
"05/14/2024","30.49","30.48","30.53","30.40","3.48K","0.26%"
"05/13/2024","30.41","30.50","30.51","30.40","2.86K","-0.13%"
"05/10/2024","30.45","30.38","30.50","30.37","3.51K","0.74%"
"05/09/2024","30.23","30.20","30.25","29.99","1.85K","0.45%"
"05/08/2024","30.09","30.10","30.15","30.02","2.17K","0.37%"
"05/07/2024","29.98","29.84","30.00","29.75","2.04K","1.04%"
"05/06/2024","29.67","29.58","29.77","29.47","3.00K","0.78%"
"05/03/2024","29.44","29.38","29.93","29.38","4.32K","0.32%"
"05/02/2024","29.34","29.50","29.50","29.32","5.16K","-0.12%"
"04/30/2024","29.38","30.00","30.00","29.07","2.55K","-0.71%"
"04/29/2024","29.59","29.73","29.77","29.59","4.78K","0.03%"
"04/26/2024","29.58","29.48","29.63","29.37","3.10K","1.25%"
"04/25/2024","29.22","29.49","29.49","29.07","2.21K","-0.58%"
"04/24/2024","29.39","29.60","29.60","29.40","6.25K","-0.44%"
"04/23/2024","29.51","29.43","29.51","29.32","6.95K","1.22%"
"04/22/2024","29.16","29.13","29.20","29.03","3.20K","0.73%"
"04/19/2024","28.95","28.84","28.98","28.73","1.68K","-0.16%"
"04/18/2024","29.00","29.03","29.03","28.85","1.48K","0.19%"
"04/17/2024","28.94","28.90","29.11","28.88","1.99K","0.28%"
"04/16/2024","28.86","29.07","29.07","28.80","3.55K","-1.50%"
"04/15/2024","29.30","29.33","29.56","29.27","22.08K","0.19%"
"04/12/2024","29.25","29.52","29.60","29.22","2.79K","0.12%"
"04/11/2024","29.21","29.47","29.47","29.08","3.72K","-0.27%"
"04/10/2024","29.29","29.49","29.70","29.07","3.18K","0.17%"
"04/09/2024","29.24","29.36","29.46","29.24","2.92K","-0.73%"
"04/08/2024","29.45","29.33","29.50","29.30","5.71K","0.49%"
"04/05/2024","29.31","29.25","29.31","29.19","6.53K","-0.85%"
"04/04/2024","29.56","29.55","29.60","29.50","2.08K","0.17%"
"04/03/2024","29.51","29.47","29.56","29.38","4.08K","0.25%"
"04/02/2024","29.43","30.20","31.00","29.40","7.41K","-0.88%"
"03/28/2024","29.69","29.69","29.73","29.60","14.32K","0.39%"
"03/27/2024","29.58","29.58","29.63","29.52","5.24K","0.20%"
"03/26/2024","29.52","29.51","29.58","29.42","3.10K","0.08%"
"03/25/2024","29.50","29.51","29.54","29.36","5.72K","0.02%"
"03/22/2024","29.49","29.43","29.53","29.40","3.35K","0.10%"
"03/21/2024","29.46","29.48","29.49","29.28","4.44K","0.92%"
"03/20/2024","29.19","29.15","29.25","29.07","3.62K","0.05%"
"03/19/2024","29.17","29.17","29.24","29.08","6.05K","0.05%"
"03/18/2024","29.16","29.26","29.32","29.11","4.36K","-0.24%"
"03/15/2024","29.23","29.30","29.41","29.22","17.12K","-0.19%"
"03/14/2024","29.28","29.42","29.46","29.23","6.51K","-0.07%"
"03/13/2024","29.31","29.23","29.40","29.23","3.44K","0.15%"
"03/12/2024","29.26","29.16","29.30","29.03","2.62K","1.02%"
"03/11/2024","28.97","28.97","29.02","28.89","10.15K","-0.41%"
"03/08/2024","29.08","29.05","29.17","29.03","3.49K","-0.07%"
"03/07/2024","29.10","28.75","29.12","28.68","3.66K","1.25%"
"03/06/2024","28.75","28.64","28.80","28.63","2.24K","0.38%"
"03/05/2024","28.64","28.66","28.70","28.58","2.93K","-0.14%"
"03/04/2024","28.67","28.75","28.76","28.62","6.16K","-0.10%"
"03/01/2024","28.70","28.67","28.73","28.58","5.18K","0.63%"
"02/29/2024","28.52","28.64","28.67","28.52","5.29K","-0.07%"
"02/28/2024","28.55","28.63","28.64","28.51","4.02K","-0.28%"
"02/27/2024","28.63","28.61","28.67","28.53","3.98K","0.17%"
"02/26/2024","28.58","28.65","28.65","28.56","9.90K","-0.24%"
"02/23/2024","28.65","28.64","28.70","28.55","4.78K","0.24%"
"02/22/2024","28.58","28.67","28.67","28.46","8.85K","1.06%"
"02/21/2024","28.27","28.30","28.34","28.25","2.88K","-0.30%"
"02/20/2024","28.36","28.37","28.42","28.32","2.30K","-0.14%"
"02/19/2024","28.40","28.33","28.41","28.29","5.88K","0.23%"
"02/16/2024","28.33","28.30","28.60","28.26","2.52K","0.75%"
"02/15/2024","28.13","28.10","28.17","28.08","2.18K","0.63%"
"02/14/2024","27.95","27.87","28.00","27.83","3.17K","0.49%"
"02/13/2024","27.82","28.07","28.07","27.72","4.67K","-0.87%"
"02/12/2024","28.06","28.05","28.09","28.00","9.30K","0.39%"
"02/09/2024","27.95","28.00","28.02","27.89","5.28K","-0.09%"
"02/08/2024","27.98","28.02","28.08","27.95","5.05K","-0.04%"
"02/07/2024","27.99","28.12","28.12","27.98","2.72K","-0.30%"
"02/06/2024","28.07","28.06","28.08","27.88","3.37K","0.61%"
"02/05/2024","27.90","27.94","28.00","27.84","7.74K","0.11%"
"02/02/2024","27.87","28.10","28.18","27.87","6.70K","-0.11%"
"02/01/2024","27.90","27.92","28.00","27.81","4.34K","-0.32%"
"01/31/2024","27.99","28.14","28.14","27.98","4.27K","0.07%"
"01/30/2024","27.97","28.00","28.06","27.92","4.29K","0.09%"
"01/29/2024","27.94","27.92","28.00","27.83","6.66K","0.20%"
"01/26/2024","27.89","27.70","27.92","27.68","4.63K","1.31%"
"01/25/2024","27.53","27.41","27.57","27.34","3.52K","0.16%"
"01/24/2024","27.49","27.40","27.50","27.33","2.76K","1.16%"
"01/23/2024","27.17","27.32","27.32","27.11","1.43K","-0.29%"
"01/22/2024","27.25","27.31","27.31","27.12","4.00K","0.81%"
"01/19/2024","27.03","27.27","27.27","27.00","2.75K","-0.35%"
"01/18/2024","27.13","27.02","27.43","26.93","5.40K","0.76%"
"01/17/2024","26.92","26.98","26.98","26.78","6.33K","-1.23%"
"01/16/2024","27.25","27.11","27.27","27.10","5.93K","-0.15%"
"01/15/2024","27.30","27.48","27.50","27.28","3.72K","-0.46%"
"01/12/2024","27.42","27.39","27.51","27.35","2.42K","0.75%"
"01/11/2024","27.22","27.57","27.65","27.22","5.32K","-0.77%"
"01/10/2024","27.42","27.42","27.51","27.39","3.60K","-0.20%"
"01/09/2024","27.48","27.56","27.56","27.38","4.29K","-0.04%"
"01/08/2024","27.49","27.42","27.51","27.24","3.58K","0.29%"
"01/05/2024","27.41","27.32","27.54","27.19","3.22K","-0.22%"
"01/04/2024","27.47","27.43","27.51","27.31","3.23K","0.59%"
"01/03/2024","27.31","27.57","27.59","27.23","2.88K","-0.85%"
"01/02/2024","27.55","27.72","27.77","27.39","5.13K","0.07%"
"12/29/2023","27.52","27.58","27.61","27.49","2.42K","0.11%"
"12/28/2023","27.50","27.50","27.64","27.46","3.49K","-0.07%"
"12/27/2023","27.51","27.50","27.58","27.42","5.32K","0.15%"
"12/22/2023","27.48","27.47","27.51","27.39","1.67K","0.15%"
"12/21/2023","27.43","27.42","27.44","27.32","5.87K","-0.24%"
"12/20/2023","27.50","27.55","27.55","27.36","4.78K","0.18%"
"12/19/2023","27.45","27.39","27.46","27.35","3.86K","0.51%"
"12/18/2023","27.31","27.30","27.45","27.30","5.25K","-0.38%"
"12/15/2023","27.42","27.44","27.55","27.35","4.16K","0.15%"
"12/14/2023","27.38","27.50","27.65","27.25","3.03K","0.68%"
"12/13/2023","27.19","27.26","27.30","27.18","2.92K","-0.04%"
"12/12/2023","27.20","27.17","27.39","27.17","3.79K","-0.18%"
"12/11/2023","27.25","27.28","27.28","27.11","4.10K","0.33%"
"12/08/2023","27.16","27.09","27.37","26.96","5.55K","0.69%"
"12/07/2023","26.98","27.01","27.02","26.92","6.03K","-0.30%"
"12/06/2023","27.06","26.97","27.10","26.92","2.07K","0.58%"
"12/05/2023","26.90","26.82","26.94","26.75","3.84K","0.32%"
"12/04/2023","26.82","26.83","26.88","26.75","6.21K","0.02%"
"12/01/2023","26.81","26.71","26.81","26.63","6.01K","1.09%"
"11/30/2023","26.52","26.51","26.58","26.39","6.26K","0.44%"
"11/29/2023","26.41","26.35","26.45","26.30","4.38K","0.44%"
"11/28/2023","26.29","26.30","26.31","26.17","2.80K","-0.38%"
"11/27/2023","26.39","26.49","26.49","26.36","2.57K","-0.30%"
"11/24/2023","26.47","26.35","26.49","26.35","3.09K","0.32%"
"11/23/2023","26.39","26.31","26.39","26.31","1.10K","0.30%"
"11/22/2023","26.31","26.27","26.35","26.26","1.13K","0.31%"
"11/21/2023","26.23","26.21","26.25","26.18","2.70K","-0.10%"
"11/20/2023","26.25","26.24","26.27","26.18","6.55K","0.17%"
"11/17/2023","26.20","26.11","26.25","26.11","4.89K","0.94%"
"11/16/2023","25.96","26.11","26.13","25.95","4.76K","-0.57%"
"11/15/2023","26.11","26.12","26.25","26.11","7.99K","0.31%"
"11/14/2023","26.03","25.76","26.06","25.68","2.36K","1.22%"
"11/13/2023","25.72","25.66","25.73","25.59","3.00K","0.78%"
"11/10/2023","25.51","25.65","25.68","25.42","2.85K","-0.99%"
"11/09/2023","25.77","25.60","25.80","25.55","1.30K","0.80%"
"11/08/2023","25.57","25.41","25.69","25.38","1.61K","0.22%"
"11/07/2023","25.51","25.50","25.54","25.44","26.93K","-0.08%"
"11/06/2023","25.53","25.61","25.61","25.50","3.17K","-0.27%"
"11/03/2023","25.60","26.00","26.00","25.50","2.05K","0.29%"
"11/02/2023","25.52","25.36","25.64","25.31","8.64K","1.39%"
"11/01/2023","25.17","25.09","25.23","24.96","1.41K","0.90%"
"10/31/2023","24.95","24.80","25.03","24.80","2.77K","0.56%"
"10/30/2023","24.81","24.90","24.94","24.80","3.51K","0.20%"
"10/27/2023","24.76","24.91","25.01","24.68","4.61K","-0.78%"
"10/26/2023","24.95","24.86","25.02","24.80","1.91K","-0.50%"
"10/25/2023","25.08","25.07","25.11","24.91","1.11K","0.14%"
"10/24/2023","25.05","25.00","25.09","24.88","2.15K","0.40%"
"10/23/2023","24.94","25.01","25.09","24.74","5.08K","-0.18%"
"10/20/2023","24.99","25.14","25.21","24.99","5.08K","-1.44%"
"10/19/2023","25.35","25.50","25.50","25.31","2.80K","-1.07%"
"10/18/2023","25.63","25.84","25.91","25.60","3.33K","-1.02%"
"10/17/2023","25.90","25.90","25.99","25.74","0.94K","-0.15%"
"10/16/2023","25.93","25.99","26.02","25.76","4.89K","0.25%"
"10/13/2023","25.87","26.08","26.11","25.87","1.80K","-0.94%"
"10/12/2023","26.11","26.17","26.30","26.10","2.49K","0.13%"
"10/11/2023","26.08","25.99","26.15","25.97","1.03K","0.13%"
"10/10/2023","26.05","25.79","26.05","25.79","2.50K","1.92%"
"10/09/2023","25.56","25.58","25.67","25.48","3.59K","-0.10%"
"10/06/2023","25.58","25.47","25.59","25.35","10.31K","0.55%"
"10/05/2023","25.44","25.35","25.54","25.35","2.62K","0.39%"
"10/04/2023","25.34","25.35","25.52","25.10","2.16K","-0.16%"
"10/03/2023","25.38","25.60","25.80","25.38","3.61K","-1.05%"
"10/02/2023","25.65","25.97","26.08","25.58","5.42K","-1.06%"
"09/29/2023","25.92","26.08","26.12","25.92","2.94K","0.45%"
"09/28/2023","25.81","25.79","25.82","25.58","2.13K","0.39%"
"09/27/2023","25.71","25.66","25.90","25.65","2.20K","-0.23%"
"09/26/2023","25.77","25.83","25.85","25.67","3.20K","-0.60%"
"09/25/2023","25.92","26.02","26.08","25.76","5.91K","-0.50%"
"09/22/2023","26.06","25.99","26.17","25.99","2.29K","-0.34%"
"09/21/2023","26.15","26.35","26.35","26.13","1.43K","-1.38%"
"09/20/2023","26.51","26.30","26.52","26.30","4.43K","1.11%"
"09/19/2023","26.22","26.23","26.33","26.19","1.78K","-0.21%"
"09/18/2023","26.27","26.56","26.56","26.22","7.33K","-1.07%"
"09/15/2023","26.56","26.67","26.76","26.56","3.36K","0.21%"
"09/14/2023","26.50","26.24","26.52","26.06","2.67K","1.59%"
"09/13/2023","26.09","26.24","26.24","25.90","4.12K","-0.27%"
"09/12/2023","26.16","26.28","26.39","26.17","1.59K","-0.17%"
"09/11/2023","26.20","26.26","26.42","26.14","5.06K","0.34%"
"09/08/2023","26.11","26.10","26.16","25.89","1.85K","0.19%"
"09/07/2023","26.07","26.02","26.17","25.99","3.39K","-0.11%"
"09/06/2023","26.09","26.11","26.47","26.01","9.74K","-0.63%"
"09/05/2023","26.26","26.19","26.36","26.10","8.67K","-0.28%"
"09/04/2023","26.33","26.48","26.54","26.30","7.71K","0.00%"
"09/01/2023","26.33","26.36","26.45","26.32","3.95K","0.00%"
"08/31/2023","26.33","26.43","26.50","26.33","3.71K","-0.23%"
"08/30/2023","26.40","26.48","26.78","26.30","2.30K","-0.21%"
"08/29/2023","26.45","26.47","26.47","26.24","1.57K","0.76%"
"08/28/2023","26.25","26.26","26.32","26.05","1.84K","1.14%"
"08/25/2023","25.95","25.94","26.13","25.90","2.11K","0.00%"
"08/24/2023","25.95","26.32","26.32","25.97","1.30K","-0.42%"
"08/23/2023","26.07","26.05","26.17","25.96","2.92K","0.44%"
"08/22/2023","25.95","25.91","26.08","25.89","5.07K","0.78%"
"08/21/2023","25.75","25.82","25.99","25.76","2.96K","0.06%"
"08/18/2023","25.74","25.80","25.80","25.57","5.75K","-0.54%"
"08/17/2023","25.88","26.04","26.09","25.85","3.16K","-0.81%"
"08/16/2023","26.08","26.06","26.18","26.02","2.00K","0.00%"
"08/15/2023","26.08","26.40","26.40","26.02","12.17K","-1.01%"
"08/14/2023","26.35","26.30","26.42","26.26","2.51K","0.11%"
"08/11/2023","26.32","26.47","26.55","26.27","32.32K","-1.09%"
"08/10/2023","26.61","26.58","26.72","26.49","4.31K","0.76%"
"08/09/2023","26.41","26.57","26.57","26.40","2.07K","0.55%"
"08/08/2023","26.26","26.26","26.33","26.13","5.17K","-0.19%"
"08/07/2023","26.32","26.25","26.36","26.12","4.00K","0.13%"
"08/04/2023","26.28","26.26","26.32","26.09","3.34K","0.32%"
"08/03/2023","26.19","27.00","27.00","26.09","7.06K","-0.63%"
"08/02/2023","26.36","26.44","26.54","26.27","19.09K","-1.35%"
"08/01/2023","26.72","26.97","27.00","26.73","5.53K","-1.02%"
"07/31/2023","27.00","26.98","27.05","26.92","5.80K","0.04%"
"07/28/2023","26.99","26.93","27.02","26.90","2.03K","-0.17%"
"07/27/2023","27.03","26.81","27.07","26.76","3.60K","1.46%"
"07/26/2023","26.64","26.74","26.76","26.47","1.94K","-0.56%"
"07/25/2023","26.79","26.73","26.83","26.63","2.22K","0.41%"
"07/24/2023","26.68","26.61","26.69","26.55","20.53K","0.13%"
"07/21/2023","26.65","26.61","26.67","26.54","1.65K","0.26%"
"07/20/2023","26.58","26.51","26.58","26.38","2.60K","0.43%"
"07/19/2023","26.46","26.63","26.63","26.44","1.81K","0.17%"
"07/18/2023","26.42","26.25","26.43","26.23","3.90K","0.67%"
"07/17/2023","26.24","26.27","26.36","26.19","4.83K","-0.66%"
"07/14/2023","26.42","26.43","26.50","26.40","0.83K","-0.04%"
"07/13/2023","26.42","26.32","26.81","26.28","1.02K","0.65%"
"07/12/2023","26.25","25.98","26.28","25.91","3.85K","1.39%"
"07/11/2023","25.90","26.00","26.00","25.72","2.07K","0.68%"
"07/10/2023","25.72","25.56","25.77","25.55","3.47K","0.16%"
"07/07/2023","25.68","25.68","25.78","25.53","5.30K","0.10%"
"07/06/2023","25.66","26.10","26.13","25.59","3.33K","-2.32%"
"07/05/2023","26.26","26.36","26.36","26.20","2.38K","-0.66%"
"07/04/2023","26.44","26.53","26.53","26.43","1.71K","0.02%"
"07/03/2023","26.43","26.56","26.56","26.40","5.55K","-0.09%"
"06/30/2023","26.46","26.24","26.51","26.24","1.56K","1.17%"
"06/29/2023","26.16","26.23","26.23","26.12","1.30K","0.10%"
"06/28/2023","26.13","26.11","26.15","26.07","2.20K","0.69%"
"06/27/2023","25.95","26.00","26.09","25.83","2.22K","0.04%"
"06/26/2023","25.94","25.97","26.00","25.80","2.89K","-0.04%"
"06/23/2023","25.95","25.92","26.06","25.85","8.12K","-0.23%"
"06/22/2023","26.01","26.00","26.02","25.79","3.56K","-0.57%"
"06/21/2023","26.16","26.20","26.29","26.11","17.25K","-0.48%"
"06/20/2023","26.28","26.47","26.47","26.27","3.85K","-0.59%"
"06/19/2023","26.44","26.80","26.80","26.44","4.02K","-1.10%"
"06/16/2023","26.74","26.70","26.80","26.63","1.18K","0.66%"
"06/15/2023","26.56","26.50","26.60","26.45","1.07K","-0.23%"
"06/14/2023","26.62","26.51","26.69","26.51","1.93K","0.40%"
"06/13/2023","26.51","26.49","26.56","26.30","2.09K","0.65%"
"06/12/2023","26.34","26.47","26.48","26.33","6.45K","0.19%"
"06/09/2023","26.30","26.47","26.47","26.23","2.16K","-0.21%"
"06/08/2023","26.35","26.33","26.51","26.28","2.69K","-0.04%"
"06/07/2023","26.36","26.40","26.46","26.33","1.94K","-0.17%"
"06/06/2023","26.41","26.41","26.44","26.25","3.18K","0.46%"
"06/05/2023","26.28","26.44","26.50","26.28","6.51K","-0.49%"
"06/02/2023","26.42","26.21","26.45","26.17","5.41K","1.36%"
"06/01/2023","26.06","25.92","26.09","25.90","5.36K","0.93%"
"05/31/2023","25.82","25.94","26.09","25.82","9.90K","-1.11%"
"05/30/2023","26.11","26.33","26.42","26.10","2.52K","-0.91%"
"05/29/2023","26.35","26.54","26.54","26.30","3.20K","-0.15%"
"05/26/2023","26.39","26.20","26.44","26.03","8.65K","1.25%"
"05/25/2023","26.07","26.21","26.23","26.07","3.47K","-0.29%"
"05/24/2023","26.14","26.61","26.61","26.08","3.72K","-1.86%"
"05/23/2023","26.64","26.72","26.76","26.63","0.83K","-0.60%"
"05/22/2023","26.80","26.83","26.86","26.74","19.09K","-0.13%"
"05/19/2023","26.83","26.77","26.89","26.70","6.98K","0.64%"
"05/18/2023","26.66","26.67","26.76","26.64","1.06K","0.62%"
"05/17/2023","26.50","26.70","26.70","26.40","7.03K","-0.06%"
"05/16/2023","26.51","26.60","26.65","26.49","1.05K","-0.32%"
"05/15/2023","26.59","26.70","26.70","26.55","2.45K","0.15%"
"05/12/2023","26.56","26.57","26.62","26.50","5.52K","0.49%"
"05/11/2023","26.42","26.47","26.60","26.30","1.81K","0.21%"
"05/10/2023","26.37","26.58","26.58","26.34","0.70K","-0.43%"
"05/09/2023","26.49","26.67","26.67","26.37","3.27K","-0.53%"
"05/08/2023","26.63","26.50","26.64","26.50","5.04K","0.62%"
"05/05/2023","26.46","26.32","26.46","26.17","1.16K","1.03%"
"05/04/2023","26.19","26.12","26.28","26.03","2.25K","-0.34%"
"05/03/2023","26.28","26.25","26.40","26.22","2.98K","0.34%"
"05/02/2023","26.19","26.56","26.60","26.18","6.06K","-1.13%"
"04/28/2023","26.49","26.43","26.49","26.20","3.42K","0.80%"
"04/27/2023","26.28","26.30","26.38","26.23","1.79K","0.08%"
"04/26/2023","26.26","26.41","26.41","26.15","3.16K","-0.91%"
"04/25/2023","26.50","26.55","26.55","26.44","4.87K","-0.19%"
"04/24/2023","26.55","26.52","26.60","26.52","1.52K","0.23%"
"04/21/2023","26.49","26.50","26.52","26.37","1.97K","0.23%"
"04/20/2023","26.43","26.46","26.47","26.33","1.07K","-0.17%"
"04/19/2023","26.48","26.38","26.49","26.37","6.13K","0.09%"
"04/18/2023","26.45","26.70","26.70","26.42","2.85K","0.40%"
"04/17/2023","26.34","26.49","26.51","26.34","11.49K","-0.27%"
"04/14/2023","26.42","26.25","26.46","26.25","4.16K","0.63%"
"04/13/2023","26.25","26.16","26.27","26.13","4.40K","0.44%"
"04/12/2023","26.14","26.06","26.31","26.06","3.38K","0.36%"
"04/11/2023","26.04","26.17","26.18","26.00","4.34K","0.40%"
"04/06/2023","25.93","25.82","25.96","25.82","1.18K","0.58%"
"04/05/2023","25.78","25.84","25.84","25.72","2.13K","-0.08%"
"04/04/2023","25.81","25.99","26.00","25.80","1.85K","-0.08%"
"04/03/2023","25.83","25.90","25.97","25.80","6.29K","-0.12%"
"03/31/2023","25.85","25.59","25.86","25.59","2.74K","0.74%"
"03/30/2023","25.67","25.58","25.69","25.55","1.44K","1.12%"
"03/29/2023","25.38","25.28","25.39","25.20","1.57K","1.16%"
"03/28/2023","25.09","25.34","25.34","25.02","4.41K","-0.14%"
"03/27/2023","25.13","25.18","25.18","24.95","1.33K","1.19%"
"03/24/2023","24.83","25.02","25.02","24.66","1.51K","-1.19%"
"03/23/2023","25.13","25.23","25.23","24.92","1.56K","-0.22%"
"03/22/2023","25.18","25.21","25.27","25.09","5.83K","0.34%"
"03/21/2023","25.10","25.03","25.19","25.01","2.47K","1.25%"
"03/20/2023","24.79","24.50","24.89","24.15","6.40K","0.79%"
"03/17/2023","24.59","25.14","25.15","24.50","4.29K","-1.15%"
"03/16/2023","24.88","24.86","24.92","24.50","0.98K","1.45%"
"03/15/2023","24.52","25.24","25.24","24.49","2.26K","-2.85%"
"03/14/2023","25.25","24.90","25.30","24.82","1.85K","1.51%"
"03/13/2023","24.87","25.44","25.44","24.75","4.40K","-2.45%"
"03/10/2023","25.50","25.36","25.57","25.30","2.20K","-1.18%"
"03/09/2023","25.80","25.84","25.87","25.69","2.52K","-0.19%"
"03/08/2023","25.85","25.80","25.87","25.72","2.98K","0.10%"
"03/07/2023","25.83","26.03","26.10","25.81","3.97K","-0.77%"
"03/06/2023","26.02","26.18","26.18","25.96","3.29K","-0.02%"
"03/03/2023","26.03","25.93","26.19","25.90","1.42K","0.93%"
"03/02/2023","25.79","25.56","25.79","25.48","1.17K","0.66%"
"03/01/2023","25.62","25.88","25.92","25.58","1.42K","-0.97%"
"02/28/2023","25.87","25.86","25.97","25.75","1.91K","-0.15%"
"02/27/2023","25.91","25.85","26.00","25.82","1.81K","1.15%"
"02/24/2023","25.61","26.12","26.12","25.61","2.01K","-1.27%"
"02/23/2023","25.94","25.89","26.06","25.89","3.75K","0.17%"
"02/22/2023","25.90","25.92","25.94","25.75","3.21K","-0.46%"
"02/21/2023","26.02","26.00","26.05","25.80","4.49K","-0.13%"
"02/20/2023","26.06","26.17","26.17","25.99","2.15K","0.12%"
"02/17/2023","26.02","25.95","26.06","25.75","3.90K","-0.25%"
"02/16/2023","26.09","26.15","26.19","25.94","3.22K","0.19%"
"02/15/2023","26.04","25.86","26.04","25.86","3.79K","0.19%"
"02/14/2023","25.99","26.00","26.04","25.87","2.35K","0.39%"
"02/13/2023","25.89","25.85","25.89","25.65","1.13K","1.25%"
"02/10/2023","25.57","25.81","25.81","25.45","25.14K","-1.24%"
"02/09/2023","25.89","26.00","26.01","25.85","6.68K","0.66%"
"02/08/2023","25.72","25.90","25.91","25.70","1.58K","0.31%"
"02/07/2023","25.64","25.60","25.70","25.59","2.95K","0.04%"
"02/06/2023","25.63","25.69","25.76","25.52","2.88K","-0.68%"
"02/03/2023","25.81","25.64","25.81","25.53","7.52K","0.58%"
"02/02/2023","25.66","25.56","25.75","25.47","2.03K","1.24%"
"02/01/2023","25.34","25.49","25.51","25.33","1.56K","-0.24%"
"01/31/2023","25.40","25.45","25.45","25.20","1.70K","-0.26%"
"01/30/2023","25.47","25.39","25.47","25.27","9.02K","-0.12%"
"01/27/2023","25.50","25.50","25.50","25.35","2.49K","0.30%"
"01/26/2023","25.42","25.50","25.50","25.39","1.25K","0.14%"
"01/25/2023","25.39","25.47","25.47","25.20","2.34K","-0.16%"
"01/24/2023","25.42","25.55","25.55","25.30","2.06K","-0.12%"
"01/23/2023","25.45","25.45","25.47","25.33","1.52K","0.55%"
"01/20/2023","25.32","25.40","25.40","25.25","1.91K","0.00%"
"01/19/2023","25.32","25.50","25.50","25.20","3.49K","-1.19%"
"01/18/2023","25.62","25.63","25.73","25.56","3.21K","0.27%"
"01/17/2023","25.55","25.51","25.60","25.37","3.87K","0.24%"
"01/16/2023","25.49","25.45","25.49","25.36","0.93K","0.59%"
"01/13/2023","25.34","25.31","25.39","25.23","1.43K","0.34%"
"01/12/2023","25.25","25.20","25.30","25.16","2.93K","0.86%"
"01/11/2023","25.04","25.00","25.15","24.99","2.96K","0.22%"
"01/10/2023","24.99","24.99","25.00","24.89","2.04K","-0.70%"
"01/09/2023","25.16","25.00","25.17","24.97","1.69K","1.19%"
"01/06/2023","24.86","24.70","24.93","24.59","6.46K","0.89%"
"01/05/2023","24.65","24.63","24.73","24.58","3.54K","-0.06%"
"01/04/2023","24.66","24.50","24.68","24.42","2.09K","1.31%"
"01/03/2023","24.34","24.23","24.49","24.20","1.08K","0.83%"
"01/02/2023","24.14","24.06","24.23","23.88","1.41K","1.64%"
"12/30/2022","23.75","24.00","24.01","23.75","1.42K","-1.37%"
"12/29/2022","24.08","23.88","24.08","23.80","0.76K","0.65%"
"12/28/2022","23.92","24.08","24.08","23.92","0.66K","-0.44%"
"12/27/2022","24.03","24.16","24.20","23.97","1.21K","0.42%"
"12/23/2022","23.93","24.02","24.02","23.84","1.27K","0.13%"
"12/22/2022","23.90","24.23","24.25","23.90","0.48K","-0.93%"
"12/21/2022","24.13","23.84","24.13","23.80","3.48K","1.69%"
"12/20/2022","23.73","23.62","23.80","23.62","1.26K","-0.36%"
"12/19/2022","23.81","23.98","23.98","23.80","4.00K","0.06%"
"12/16/2022","23.80","23.95","23.95","23.67","2.14K","-1.57%"
"12/15/2022","24.17","24.60","24.60","24.03","0.85K","-2.32%"
"12/14/2022","24.75","24.58","24.75","24.57","0.58K","0.04%"
"12/13/2022","24.74","24.50","24.96","24.45","1.34K","1.17%"
"12/12/2022","24.45","24.45","24.50","24.36","3.84K","-0.35%"
"12/09/2022","24.54","24.46","24.54","24.33","0.55K","0.70%"
"12/08/2022","24.37","24.33","24.40","24.27","1.29K","-0.61%"
"12/07/2022","24.52","24.61","24.61","24.36","0.92K","-0.18%"
"12/06/2022","24.57","24.73","24.73","24.50","0.74K","-0.63%"
"12/05/2022","24.72","24.74","24.80","24.67","2.42K","-0.30%"
"12/02/2022","24.80","24.80","24.94","24.58","1.28K","-0.06%"
"12/01/2022","24.81","24.89","24.90","24.75","2.53K","0.57%"
"11/30/2022","24.67","24.59","24.67","24.57","0.90K","0.90%"
"11/29/2022","24.45","24.51","24.61","24.42","2.55K","-0.22%"
"11/28/2022","24.50","24.43","24.55","24.36","1.65K","-0.47%"
"11/25/2022","24.62","24.62","24.66","24.52","0.82K","0.00%"
"11/24/2022","24.62","24.58","24.67","24.50","1.44K","0.49%"
"11/23/2022","24.50","24.42","24.50","24.34","1.77K","0.57%"
"11/22/2022","24.36","24.31","24.36","24.23","2.63K","0.66%"
"11/21/2022","24.20","24.24","24.26","24.15","8.35K","0.02%"
"11/18/2022","24.19","24.15","24.24","24.08","0.92K","1.09%"
"11/17/2022","23.93","24.17","24.17","23.80","1.38K","-0.35%"
"11/16/2022","24.02","24.26","24.26","24.00","6.02K","-0.99%"
"11/15/2022","24.26","24.25","24.36","24.15","1.78K","0.39%"
"11/14/2022","24.17","24.25","24.33","24.14","1.31K","0.21%"
"11/11/2022","24.11","24.30","24.30","24.07","1.45K","-0.14%"
"11/10/2022","24.15","23.41","24.15","23.41","3.28K","2.85%"
"11/09/2022","23.48","23.56","23.56","23.38","1.85K","-0.30%"
"11/08/2022","23.55","23.28","23.58","23.28","1.19K","0.81%"
"11/07/2022","23.36","23.23","23.44","23.23","3.22K","0.21%"
"11/04/2022","23.31","23.11","23.47","23.03","3.03K","1.79%"
"11/03/2022","22.90","22.90","22.98","22.67","1.95K","-0.93%"
"11/02/2022","23.11","23.33","23.33","23.06","1.40K","-0.19%"
"11/01/2022","23.16","23.18","23.38","23.13","2.23K","0.59%"
"10/31/2022","23.02","23.02","23.09","22.92","2.98K","0.22%"
"10/28/2022","22.98","22.75","22.98","22.67","5.50K","0.20%"
"10/27/2022","22.93","22.91","23.00","22.75","2.24K","0.04%"
"10/26/2022","22.92","22.76","22.93","22.69","6.17K","0.42%"
"10/25/2022","22.83","22.63","22.83","22.47","0.46K","1.60%"
"10/24/2022","22.47","22.52","22.60","22.23","18.09K","1.28%"
"10/21/2022","22.18","22.08","22.18","21.90","1.23K","-0.47%"
"10/20/2022","22.28","22.24","22.28","22.07","0.69K","0.22%"
"10/19/2022","22.24","22.42","22.43","22.24","2.19K","-0.63%"
"10/18/2022","22.38","22.42","22.59","22.34","42.09K","0.45%"
"10/17/2022","22.27","22.07","22.36","21.85","4.23K","1.97%"
"10/14/2022","21.84","22.16","22.22","21.84","2.12K","0.25%"
"10/13/2022","21.79","21.43","21.79","21.23","1.82K","0.95%"
"10/12/2022","21.58","21.73","21.81","21.53","1.21K","-0.62%"
"10/11/2022","21.72","21.70","21.79","21.56","3.01K","-0.53%"
"10/10/2022","21.83","21.89","22.00","21.75","2.63K","-0.32%"
"10/07/2022","21.91","22.20","22.25","21.90","3.79K","-1.13%"
"10/06/2022","22.16","22.48","22.50","22.16","5.51K","-0.74%"
"10/05/2022","22.32","22.49","22.51","22.25","7.88K","-0.87%"
"10/04/2022","22.51","22.00","22.51","22.00","2.32K","3.19%"
"10/03/2022","21.82","21.57","21.86","21.36","4.67K","0.67%"
"09/30/2022","21.67","21.62","21.73","21.52","2.68K","1.19%"
"09/29/2022","21.42","21.57","21.61","21.30","18.20K","-1.61%"
"09/28/2022","21.77","21.65","21.80","21.36","2.77K","0.30%"
"09/27/2022","21.70","21.98","22.01","21.70","1.99K","0.00%"
"09/26/2022","21.71","21.75","21.85","21.58","4.60K","-0.53%"
"09/23/2022","21.83","22.34","22.34","21.72","7.84K","-2.26%"
"09/22/2022","22.33","22.43","22.64","22.33","1.92K","-1.72%"
"09/21/2022","22.72","22.48","22.72","22.48","2.11K","0.84%"
"09/20/2022","22.53","23.06","23.06","22.50","1.79K","-0.97%"
"09/19/2022","22.75","22.70","22.87","22.44","4.75K","-0.11%"
"09/16/2022","22.77","22.96","22.97","22.77","5.17K","-1.53%"
"09/15/2022","23.13","23.36","23.43","23.10","1.11K","-0.77%"
"09/14/2022","23.31","23.43","23.48","23.22","1.23K","-0.83%"
"09/13/2022","23.50","24.00","24.00","23.50","5.66K","-1.36%"
"09/12/2022","23.83","23.52","23.89","23.43","2.35K","1.60%"
"09/09/2022","23.45","23.09","23.51","23.09","2.47K","1.58%"
"09/08/2022","23.09","23.08","23.14","22.76","3.46K","0.48%"
"09/07/2022","22.98","23.00","23.05","22.86","2.92K","-0.58%"
"09/06/2022","23.11","23.21","23.24","23.00","12.87K","0.22%"
"09/05/2022","23.07","22.90","23.10","22.77","2.74K","-0.58%"
"09/02/2022","23.20","22.83","23.23","22.83","1.57K","1.93%"
"09/01/2022","22.76","23.06","23.09","22.72","4.70K","-1.58%"
"08/31/2022","23.13","23.52","23.52","23.13","2.14K","-1.24%"
"08/30/2022","23.42","23.69","23.83","23.36","2.86K","-0.53%"
"08/29/2022","23.54","23.56","23.58","23.40","3.77K","-1.09%"
"08/26/2022","23.80","24.29","24.30","23.74","6.05K","-1.49%"
"08/25/2022","24.16","24.25","24.29","24.08","2.64K","0.29%"
"08/24/2022","24.09","24.01","24.14","23.90","5.05K","0.25%"
"08/23/2022","24.03","24.00","24.17","24.00","1.52K","-0.46%"
"08/22/2022","24.14","24.22","24.32","24.05","3.61K","-0.82%"
"08/19/2022","24.34","24.41","24.52","24.34","3.42K","-0.77%"
"08/18/2022","24.53","24.38","24.53","24.38","0.90K","0.53%"
"08/17/2022","24.40","24.65","24.71","24.40","1.71K","-0.99%"
"08/16/2022","24.65","24.65","24.70","24.55","2.08K","0.18%"
"08/15/2022","24.60","24.69","24.72","24.46","1.35K","0.39%"
"08/12/2022","24.50","24.42","24.60","24.42","1.29K","0.08%"
"08/11/2022","24.49","24.53","24.56","24.42","2.31K","0.25%"
"08/10/2022","24.42","24.17","24.43","24.17","0.95K","0.87%"
"08/09/2022","24.22","24.36","24.39","24.19","1.72K","-0.68%"
"08/08/2022","24.38","24.43","24.54","24.32","2.93K","0.70%"
"08/05/2022","24.21","24.47","24.47","24.18","1.82K","-0.76%"
"08/04/2022","24.40","24.43","24.60","24.35","4.09K","0.23%"
"08/03/2022","24.34","24.17","24.36","24.17","1.10K","0.47%"
"08/02/2022","24.23","24.30","24.30","24.10","2.45K","-0.25%"
"08/01/2022","24.28","24.38","24.47","24.28","6.52K","-0.18%"
"07/29/2022","24.33","24.18","24.39","24.14","6.25K","1.27%"
"07/28/2022","24.02","23.86","24.02","23.81","1.52K","0.97%"
"07/27/2022","23.80","23.85","23.86","23.74","2.10K","0.40%"
"07/26/2022","23.70","23.70","23.75","23.63","2.80K","0.08%"
"07/25/2022","23.68","23.65","23.74","23.56","3.99K","0.15%"
"07/22/2022","23.65","23.60","23.75","23.57","1.77K","0.17%"
"07/21/2022","23.60","23.51","23.60","23.37","1.17K","0.53%"
"07/20/2022","23.48","23.70","23.70","23.40","1.05K","-0.28%"
"07/19/2022","23.55","23.15","23.57","23.06","1.79K","1.36%"
"07/18/2022","23.23","23.22","23.36","23.00","1.23K","0.96%"
"07/15/2022","23.01","22.76","23.01","22.76","1.19K","1.75%"
"07/14/2022","22.61","23.00","23.00","22.55","0.60K","-1.57%"
"07/13/2022","22.98","23.19","23.19","22.75","1.03K","-0.88%"
"07/12/2022","23.18","23.08","23.21","22.92","0.72K","0.30%"
"07/11/2022","23.11","22.99","23.17","22.91","1.11K","-0.45%"
"07/08/2022","23.22","23.13","23.25","23.00","1.81K","0.54%"
"07/07/2022","23.09","22.96","23.14","22.81","0.75K","1.85%"
"07/06/2022","22.67","22.68","22.79","22.56","0.65K","1.59%"
"07/05/2022","22.32","22.78","22.92","22.32","2.49K","-2.08%"
"07/04/2022","22.79","22.89","22.92","22.79","6.02K","0.53%"
"07/01/2022","22.67","22.42","22.76","22.42","34.99K","0.27%"
"06/30/2022","22.61","22.69","22.69","22.47","2.77K","-1.52%"
"06/29/2022","22.96","22.99","23.01","22.80","3.30K","-0.46%"
"06/28/2022","23.07","23.23","23.25","23.07","0.74K","0.24%"
"06/27/2022","23.01","23.12","23.24","22.92","3.84K","0.41%"
"06/24/2022","22.92","22.45","22.94","22.45","1.03K","2.78%"
"06/23/2022","22.30","22.42","22.52","22.22","2.04K","-0.85%"
"06/22/2022","22.49","22.36","22.57","22.26","2.07K","-0.73%"
"06/21/2022","22.65","22.75","22.84","22.65","5.30K","0.38%"
"06/20/2022","22.57","22.44","22.58","22.34","1.90K","0.98%"
"06/17/2022","22.34","22.48","22.67","22.32","1.04K","-0.13%"
"06/16/2022","22.38","22.90","22.90","22.32","4.48K","-2.46%"
"06/15/2022","22.94","22.84","23.02","22.65","3.04K","1.46%"
"06/14/2022","22.61","23.03","23.12","22.59","3.08K","-1.24%"
"06/13/2022","22.90","23.20","23.28","22.82","4.52K","-2.26%"
"06/10/2022","23.42","23.81","23.88","23.40","3.86K","-2.80%"
"06/09/2022","24.10","24.26","24.33","24.05","0.69K","-1.03%"
"06/08/2022","24.35","24.59","24.59","24.26","2.64K","-0.69%"
"06/07/2022","24.52","24.55","24.56","24.40","1.22K","-0.57%"
"06/06/2022","24.66","24.70","24.75","24.53","0.92K","1.17%"
"06/03/2022","24.38","24.64","24.64","24.37","0.63K","-0.37%"
"06/02/2022","24.47","24.48","24.50","24.25","1.31K","0.76%"
"06/01/2022","24.28","24.75","24.75","24.28","2.15K","-1.00%"
"05/31/2022","24.52","24.70","24.70","24.52","2.48K","-0.73%"
"05/30/2022","24.70","24.76","24.77","24.65","1.36K","0.59%"
"05/27/2022","24.56","24.37","24.56","24.26","1.16K","1.22%"
"05/26/2022","24.26","24.10","24.27","24.00","0.58K","1.04%"
"05/25/2022","24.01","24.10","24.10","23.83","2.50K","0.61%"
"05/24/2022","23.87","23.93","24.03","23.83","1.19K","-0.95%"
"05/23/2022","24.10","24.15","24.15","23.90","1.96K","1.30%"
"05/20/2022","23.79","23.82","24.02","23.76","1.86K","0.57%"
"05/19/2022","23.66","23.77","23.77","23.41","2.32K","-1.11%"
"05/18/2022","23.92","24.27","24.27","23.92","0.53K","-1.28%"
"05/17/2022","24.23","24.20","24.37","24.05","0.88K","1.30%"
"05/16/2022","23.92","23.88","23.92","23.68","1.70K","0.04%"
"05/13/2022","23.91","23.57","23.92","23.56","2.42K","2.29%"
"05/12/2022","23.38","23.11","23.52","23.02","2.21K","-0.79%"
"05/11/2022","23.56","23.40","23.56","23.14","2.06K","1.57%"
"05/10/2022","23.19","23.24","23.42","23.14","1.92K","0.78%"
"05/09/2022","23.01","23.62","23.67","23.01","4.63K","-2.85%"
"05/06/2022","23.69","24.02","24.02","23.57","4.83K","-1.74%"
"05/05/2022","24.11","24.77","24.77","24.04","1.32K","-0.47%"
"05/04/2022","24.23","24.61","24.61","24.23","4.82K","-1.10%"
"05/03/2022","24.50","24.50","24.58","24.36","2.28K","0.80%"
"05/02/2022","24.30","24.55","24.55","24.20","2.73K","-1.60%"
"04/29/2022","24.69","24.76","24.82","24.62","1.33K","0.67%"
"04/28/2022","24.53","24.61","24.67","24.36","8.47K","0.76%"
"04/27/2022","24.34","24.19","24.38","23.98","2.62K","0.97%"
"04/26/2022","24.11","24.64","24.64","24.09","7.79K","-0.86%"
"04/25/2022","24.32","24.34","24.55","24.24","3.45K","-1.78%"
"04/22/2022","24.76","25.00","25.03","24.76","6.60K","-1.79%"
"04/21/2022","25.21","25.15","25.34","25.12","2.67K","0.28%"
"04/20/2022","25.14","25.09","25.19","24.95","3.52K","0.94%"
"04/19/2022","24.91","25.01","25.01","24.77","4.39K","-0.74%"
"04/14/2022","25.09","25.00","25.14","24.94","3.37K","0.74%"
"04/13/2022","24.91","24.89","24.94","24.78","1.73K","-0.08%"
"04/12/2022","24.92","24.79","24.99","24.70","1.29K","-0.36%"
"04/11/2022","25.01","25.12","25.18","24.97","3.26K","-0.54%"
"04/08/2022","25.15","25.07","25.17","25.01","2.85K","1.45%"
"04/07/2022","24.79","24.96","25.05","24.78","2.56K","-0.20%"
"04/06/2022","24.84","25.14","25.17","24.66","5.35K","-1.41%"
"04/05/2022","25.19","25.22","25.27","25.07","2.19K","0.18%"
"04/04/2022","25.15","25.13","25.18","24.92","2.91K","0.72%"
"04/01/2022","24.97","24.89","25.01","24.84","35.29K","0.56%"
"03/31/2022","24.83","25.16","25.16","24.83","5.94K","-1.04%"
"03/30/2022","25.09","25.08","25.09","24.95","2.29K","-0.24%"
"03/29/2022","25.15","25.00","25.26","24.93","3.81K","1.60%"
"03/28/2022","24.75","24.85","24.99","24.75","2.60K","0.28%"
"03/25/2022","24.68","24.77","24.85","24.60","1.47K","0.14%"
"03/24/2022","24.65","24.83","24.83","24.65","76.98K","-0.26%"
"03/23/2022","24.72","25.00","25.02","24.65","2.64K","-1.02%"
"03/22/2022","24.97","24.81","24.97","24.76","8.22K","0.89%"
"03/21/2022","24.75","24.76","24.81","24.69","2.66K","0.28%"
"03/18/2022","24.68","24.61","24.68","24.32","1.59K","0.78%"
"03/17/2022","24.49","24.58","24.58","24.29","1.81K","0.57%"
"03/16/2022","24.35","24.19","24.42","24.10","2.56K","2.92%"
"03/15/2022","23.66","23.48","23.72","23.20","2.69K","-0.15%"
"03/14/2022","23.69","23.62","23.82","23.52","35.15K","1.09%"
"03/11/2022","23.44","23.40","23.77","23.18","5.61K","0.99%"
"03/10/2022","23.21","23.62","23.62","23.06","9.66K","-1.65%"
"03/09/2022","23.60","23.10","23.60","23.06","5.08K","4.80%"
"03/08/2022","22.52","22.66","23.05","22.48","72.27K","-0.71%"
"03/07/2022","22.68","22.42","23.00","22.06","21.98K","-1.05%"
"03/04/2022","22.92","23.63","23.64","22.92","19.71K","-3.60%"
"03/03/2022","23.77","24.40","24.40","23.75","54.95K","-1.86%"
"03/02/2022","24.23","24.00","24.37","23.83","17.07K","0.73%"
"03/01/2022","24.05","24.69","24.69","24.05","7.83K","-2.22%"
"02/28/2022","24.59","24.34","24.61","24.17","7.88K","-0.28%"
"02/25/2022","24.67","24.18","24.67","23.95","4.32K","3.31%"
"02/24/2022","23.88","23.73","24.13","23.58","48.67K","-3.18%"
"02/23/2022","24.66","24.77","25.00","24.61","1.64K","-0.14%"
"02/22/2022","24.69","24.27","24.80","24.09","11.24K","0.06%"
"02/21/2022","24.68","25.10","25.16","24.52","3.80K","-1.32%"
"02/18/2022","25.01","25.30","25.30","24.92","2.25K","-0.71%"
"02/17/2022","25.19","25.42","25.42","25.10","1.75K","-0.63%"
"02/16/2022","25.35","25.44","25.49","25.25","2.19K","-0.08%"
"02/15/2022","25.37","25.06","25.37","25.06","1.90K","1.50%"
"02/14/2022","25.00","25.00","25.02","24.70","47.38K","-1.79%"
"02/11/2022","25.45","25.46","25.55","25.30","44.06K","-0.43%"
"02/10/2022","25.56","25.72","25.76","25.48","2.01K","-0.45%"
"02/09/2022","25.67","25.48","25.70","25.47","1.84K","1.64%"
"02/08/2022","25.26","25.31","25.44","25.16","1.68K","0.20%"
"02/07/2022","25.21","25.25","25.30","25.00","4.29K","0.70%"
"02/04/2022","25.03","25.55","25.55","25.00","3.10K","-1.09%"
"02/03/2022","25.31","25.80","25.80","25.31","3.74K","-1.92%"
"02/02/2022","25.81","25.89","25.92","25.80","3.01K","0.41%"
"02/01/2022","25.70","25.60","25.75","25.58","3.46K","1.10%"
"01/31/2022","25.42","25.60","25.60","25.28","3.39K","0.79%"
"01/28/2022","25.22","25.49","25.49","24.92","3.87K","-0.98%"
"01/27/2022","25.47","25.00","25.58","25.00","9.19K","0.69%"
"01/26/2022","25.30","25.17","25.43","25.16","6.33K","1.71%"
"01/25/2022","24.87","24.87","24.99","24.70","3.30K","0.83%"
"01/24/2022","24.67","25.55","25.59","24.59","35.64K","-3.80%"
"01/21/2022","25.64","25.82","25.83","25.47","4.35K","-1.84%"
"01/20/2022","26.12","26.06","26.12","25.89","1.87K","0.54%"
"01/19/2022","25.98","25.84","26.14","25.84","2.87K","0.23%"
"01/18/2022","25.92","26.05","26.05","25.81","3.13K","-0.96%"
"01/17/2022","26.17","26.10","26.21","26.06","4.22K","0.67%"
"01/14/2022","26.00","26.00","26.12","25.95","2.30K","-0.80%"
"01/13/2022","26.20","26.17","26.30","26.15","2.74K","-0.11%"
"01/12/2022","26.24","26.27","26.27","26.09","4.53K","0.73%"
"01/11/2022","26.05","26.06","26.13","25.99","3.84K","0.87%"
"01/10/2022","25.82","26.28","26.28","25.78","18.46K","-1.38%"
"01/07/2022","26.18","26.30","26.30","26.08","9.25K","-0.25%"
"01/06/2022","26.25","26.31","26.39","26.16","4.11K","-1.26%"
"01/05/2022","26.58","26.61","26.65","26.53","2.77K","-0.08%"
"01/04/2022","26.60","26.50","26.66","26.49","3.02K","0.78%"
"01/03/2022","26.40","26.40","26.49","26.36","6.00K","0.61%"
"12/31/2021","26.24","26.27","26.32","26.14","0.62K","-0.27%"
"12/30/2021","26.31","26.27","26.36","26.25","1.34K","0.32%"
"12/29/2021","26.22","26.37","26.37","26.17","3.08K","-0.46%"
"12/28/2021","26.34","26.20","26.38","26.20","2.08K","0.75%"
"12/27/2021","26.15","25.95","26.18","25.94","2.07K","0.62%"
"12/24/2021","25.99","26.11","26.11","25.89","1.62K","-0.04%"
"12/23/2021","26.00","25.83","26.03","25.76","2.83K","1.05%"
"12/22/2021","25.73","25.58","25.73","25.50","2.85K","0.82%"
"12/21/2021","25.51","25.44","25.51","25.31","2.62K","1.51%"
"12/20/2021","25.14","25.11","25.19","24.83","7.18K","-1.37%"
"12/17/2021","25.49","25.64","25.64","25.34","2.59K","-0.57%"
"12/16/2021","25.63","25.70","25.76","25.58","1.29K","1.14%"
"12/15/2021","25.34","25.36","25.41","25.30","3.51K","0.28%"
"12/14/2021","25.27","25.61","25.61","25.27","1.45K","-0.77%"
"12/13/2021","25.47","25.63","25.75","25.47","1.68K","-0.43%"
"12/10/2021","25.58","25.75","25.75","25.53","3.60K","-0.29%"
"12/09/2021","25.65","25.77","25.77","25.60","3.68K","-0.23%"
"12/08/2021","25.71","25.84","25.93","25.68","2.97K","-0.46%"
"12/07/2021","25.83","25.56","25.83","25.50","1.34K","2.42%"
"12/06/2021","25.22","25.10","25.26","24.95","5.28K","1.41%"
"12/03/2021","24.87","25.22","25.22","24.82","2.61K","-0.46%"
"12/02/2021","24.99","25.09","25.14","24.84","2.71K","-1.30%"
"12/01/2021","25.32","25.03","25.35","25.00","6.54K","1.95%"
"11/30/2021","24.83","24.95","25.08","24.68","4.88K","-1.00%"
"11/29/2021","25.08","25.19","25.25","25.06","7.43K","0.80%"
"11/26/2021","24.88","25.20","25.28","24.82","13.03K","-3.83%"
"11/25/2021","25.87","25.88","25.90","25.78","1.94K","0.39%"
"11/24/2021","25.77","25.84","25.89","25.63","5.21K","0.08%"
"11/23/2021","25.75","25.86","25.95","25.67","5.07K","-1.17%"
"11/22/2021","26.06","26.20","26.20","26.02","9.96K","-0.04%"
"11/19/2021","26.07","26.23","26.28","26.01","4.62K","-0.38%"
"11/18/2021","26.17","26.30","26.33","26.12","3.59K","-0.46%"
"11/17/2021","26.28","26.25","26.32","26.24","2.71K","0.15%"
"11/16/2021","26.25","26.28","26.32","26.20","2.55K","0.19%"
"11/15/2021","26.19","26.15","26.19","26.09","7.55K","0.36%"
"11/12/2021","26.10","26.06","26.10","26.00","2.29K","0.25%"
"11/11/2021","26.03","25.99","26.04","25.92","4.90K","0.46%"
"11/10/2021","25.92","25.90","25.93","25.82","1.77K","0.19%"
"11/09/2021","25.86","25.85","26.00","25.82","2.51K","-0.15%"
"11/08/2021","25.91","25.92","25.97","25.87","4.01K","0.00%"
"11/05/2021","25.91","25.91","25.99","25.87","2.25K","0.10%"
"11/04/2021","25.88","25.97","25.97","25.85","2.80K","0.37%"
"11/03/2021","25.78","25.72","25.80","25.69","22.02K","0.29%"
"11/02/2021","25.71","25.62","25.73","25.60","1.79K","0.16%"
"11/01/2021","25.67","25.59","25.70","25.58","3.92K","0.73%"
"10/29/2021","25.49","25.38","25.50","25.27","1.88K","0.10%"
"10/28/2021","25.46","25.47","25.47","25.36","2.82K","0.22%"
"10/27/2021","25.41","25.52","25.52","25.37","3.65K","-0.31%"
"10/26/2021","25.49","25.40","25.51","25.39","2.05K","0.69%"
"10/25/2021","25.31","25.32","25.34","25.26","1.48K","0.00%"
"10/22/2021","25.31","25.25","25.39","25.23","1.55K","0.52%"
"10/21/2021","25.17","25.10","25.19","25.10","4.61K","-0.06%"
"10/20/2021","25.19","25.09","25.22","25.09","3.79K","0.28%"
"10/19/2021","25.12","25.10","25.15","25.06","136.19K","0.38%"
"10/18/2021","25.02","25.11","25.11","24.95","1.17K","-0.52%"
"10/15/2021","25.16","25.03","25.17","25.00","2.59K","0.80%"
"10/14/2021","24.95","24.85","24.99","24.83","5.45K","1.07%"
"10/13/2021","24.69","24.52","24.73","24.46","1.49K","0.55%"
"10/12/2021","24.56","24.28","24.56","24.28","5.89K","0.06%"
"10/11/2021","24.54","24.50","24.55","24.41","12.50K","0.06%"
"10/08/2021","24.52","24.58","24.61","24.50","2.46K","-0.24%"
"10/07/2021","24.58","24.50","24.61","24.38","22.07K","1.67%"
"10/06/2021","24.18","24.23","24.25","23.93","228.71K","-1.10%"
"10/05/2021","24.45","24.22","24.45","24.18","2.51K","1.20%"
"10/04/2021","24.16","24.17","24.35","24.12","2.94K","-0.37%"
"10/01/2021","24.25","24.02","24.34","23.93","4.01K","-0.41%"
"09/30/2021","24.35","24.60","24.60","24.33","6.70K","-0.23%"
"09/29/2021","24.41","24.35","24.49","24.33","1.04K","0.72%"
"09/28/2021","24.23","24.68","24.68","24.19","3.80K","-2.00%"
"09/27/2021","24.73","24.95","24.95","24.68","6.68K","-0.16%"
"09/24/2021","24.76","24.79","24.89","24.74","6.81K","-0.84%"
"09/23/2021","24.98","24.90","25.04","24.90","1.54K","0.93%"
"09/22/2021","24.75","24.75","24.76","24.59","0.73K","1.02%"
"09/21/2021","24.50","24.38","24.54","24.23","8.09K","1.11%"
"09/20/2021","24.23","24.29","24.30","24.01","6.95K","-1.74%"
"09/17/2021","24.66","24.98","25.00","24.62","6.56K","-0.86%"
"09/16/2021","24.87","24.91","24.97","24.85","1.03K","0.36%"
"09/15/2021","24.78","24.92","24.95","24.78","4.75K","-0.66%"
"09/14/2021","24.94","24.95","25.03","24.85","1.63K","-0.02%"
"09/13/2021","24.95","25.00","25.08","24.94","5.54K","0.26%"
"09/10/2021","24.89","25.01","25.02","24.86","3.16K","-0.20%"
"09/09/2021","24.93","24.79","25.03","24.78","2.03K","-0.10%"
"09/08/2021","24.96","25.02","25.12","24.90","2.83K","-1.07%"
"09/07/2021","25.23","25.34","25.34","25.20","3.08K","-0.38%"
"09/06/2021","25.33","25.26","25.38","25.25","3.89K","0.70%"
"09/03/2021","25.15","25.30","25.31","25.05","2.50K","-0.57%"
"09/02/2021","25.30","25.23","25.32","25.23","1.38K","0.22%"
"09/01/2021","25.24","25.33","25.34","25.20","62.24K","0.48%"
"08/31/2021","25.12","25.23","25.28","25.03","4.65K","-0.38%"
"08/30/2021","25.22","25.20","25.25","25.15","5.40K","0.14%"
"08/27/2021","25.18","25.07","25.22","25.03","8.66K","0.38%"
"08/26/2021","25.08","25.06","25.13","24.99","10.32K","-0.28%"
"08/25/2021","25.16","25.22","25.22","25.14","1.20K","0.00%"
"08/24/2021","25.16","25.26","25.26","25.06","2.92K","-0.06%"
"08/23/2021","25.17","25.19","25.19","25.05","62.03K","0.68%"
"08/20/2021","25.00","24.96","25.03","24.81","7.52K","0.34%"
"08/19/2021","24.92","24.97","25.01","24.73","3.78K","-1.52%"
"08/18/2021","25.31","25.33","25.33","25.25","2.20K","0.06%"
"08/17/2021","25.29","25.15","25.30","25.14","2.23K","0.14%"
"08/16/2021","25.25","25.26","25.31","25.18","2.01K","-0.53%"
"08/13/2021","25.39","25.35","25.42","25.35","4.13K","0.18%"
"08/12/2021","25.34","25.33","25.36","25.31","4.17K","0.20%"
"08/11/2021","25.30","25.25","25.34","25.19","1.29K","0.46%"
"08/10/2021","25.18","25.16","25.22","25.15","0.95K","0.28%"
"08/09/2021","25.11","25.08","25.12","25.05","3.54K","0.18%"
"08/06/2021","25.07","25.07","25.11","25.01","2.69K","0.10%"
"08/05/2021","25.04","24.97","25.06","24.97","7.00K","0.30%"
"08/04/2021","24.97","24.90","24.98","24.87","4.83K","0.65%"
"08/03/2021","24.81","24.75","24.86","24.74","3.76K","0.26%"
"08/02/2021","24.74","24.82","24.90","24.68","23.09K","0.57%"
"07/30/2021","24.60","24.58","24.69","24.51","4.01K","-0.51%"
"07/29/2021","24.73","24.70","24.75","24.66","4.05K","0.55%"
"07/28/2021","24.59","24.50","24.59","24.46","2.83K","0.63%"
"07/27/2021","24.43","24.50","24.52","24.34","1.86K","-0.55%"
"07/26/2021","24.57","24.52","24.60","24.45","2.11K","-0.10%"
"07/23/2021","24.59","24.41","24.59","24.41","4.22K","1.11%"
"07/22/2021","24.33","24.33","24.42","24.27","2.91K","0.48%"
"07/21/2021","24.21","24.01","24.22","23.97","5.92K","1.64%"
"07/20/2021","23.82","23.89","23.96","23.68","4.36K","0.44%"
"07/19/2021","23.72","24.06","24.06","23.60","9.87K","-2.23%"
"07/16/2021","24.25","24.38","24.44","24.17","1.96K","-0.33%"
"07/15/2021","24.33","24.51","24.54","24.32","3.41K","-0.96%"
"07/14/2021","24.57","24.57","24.60","24.49","1.55K","-0.08%"
"07/13/2021","24.59","24.61","24.61","24.52","1.35K","0.10%"
"07/12/2021","24.57","24.42","24.59","24.33","4.86K","0.55%"
"07/09/2021","24.43","24.24","24.43","24.24","4.10K","1.35%"
"07/08/2021","24.10","24.28","24.31","23.94","4.21K","-1.57%"
"07/07/2021","24.49","24.44","24.50","24.42","2.48K","0.74%"
"07/06/2021","24.31","24.41","24.49","24.25","2.47K","-0.55%"
"07/05/2021","24.44","24.50","24.50","24.28","1.45K","0.33%"
"07/02/2021","24.36","24.38","24.45","24.32","1.78K","0.19%"
"07/01/2021","24.32","24.36","24.42","24.14","4.48K","0.66%"
"06/30/2021","24.16","24.39","24.39","24.09","6.05K","-0.80%"
"06/29/2021","24.35","24.34","24.43","24.33","2.27K","0.33%"
"06/28/2021","24.27","24.42","24.47","24.27","3.19K","-0.63%"
"06/25/2021","24.43","24.43","24.44","24.36","1.34K","0.16%"
"06/24/2021","24.39","24.30","24.42","24.25","3.36K","0.91%"
"06/23/2021","24.17","24.42","24.42","24.17","2.89K","-0.72%"
"06/22/2021","24.34","24.33","24.37","24.20","2.50K","0.27%"
"06/21/2021","24.28","24.08","24.30","23.89","9.54K","0.66%"
"06/18/2021","24.12","24.58","24.58","24.11","2.45K","-1.67%"
"06/17/2021","24.53","24.60","24.60","24.40","4.21K","0.06%"
"06/16/2021","24.51","24.57","24.58","24.49","2.75K","0.10%"
"06/15/2021","24.49","24.51","24.55","24.46","1.91K","0.20%"
"06/14/2021","24.44","24.58","24.58","24.39","5.53K","0.23%"
"06/11/2021","24.39","24.23","24.41","24.23","43.59K","0.64%"
"06/10/2021","24.23","24.20","24.30","24.14","1.92K","0.06%"
"06/09/2021","24.22","24.22","24.26","24.14","4.42K","0.10%"
"06/08/2021","24.19","24.27","24.30","24.17","4.94K","-0.06%"
"06/07/2021","24.20","24.25","24.26","24.05","2.62K","0.35%"
"06/04/2021","24.12","24.11","24.12","24.00","1.96K","0.42%"
"06/03/2021","24.02","24.11","24.11","23.88","27.90K","-0.04%"
"06/02/2021","24.03","24.03","24.08","23.97","2.57K","0.29%"
"06/01/2021","23.96","23.93","24.10","23.90","4.33K","0.82%"
"05/31/2021","23.76","24.00","24.00","23.76","4.74K","-0.48%"
"05/28/2021","23.88","23.83","24.00","23.82","2.96K","0.59%"
"05/27/2021","23.74","23.73","23.83","23.68","2.69K","0.19%"
"05/26/2021","23.69","23.80","23.80","23.65","4.90K","-0.08%"
"05/25/2021","23.72","23.74","23.85","23.72","11.51K","-0.11%"
"05/24/2021","23.74","23.70","23.76","23.60","3.19K","0.36%"
"05/21/2021","23.66","23.61","23.69","23.51","4.44K","0.68%"
"05/20/2021","23.50","23.36","23.50","23.20","66.72K","1.27%"
"05/19/2021","23.20","23.33","23.40","23.01","4.01K","-1.51%"
"05/18/2021","23.56","23.72","23.78","23.53","5.03K","0.08%"
"05/17/2021","23.53","23.69","23.70","23.40","3.66K","0.00%"
"05/14/2021","23.53","23.41","23.55","23.33","2.38K","1.07%"
"05/13/2021","23.28","23.00","23.31","22.72","3.49K","0.00%"
"05/12/2021","23.28","23.20","23.35","23.17","3.36K","0.45%"
"05/11/2021","23.17","23.45","23.45","23.01","11.77K","-2.01%"
"05/10/2021","23.65","23.70","23.71","23.58","2.74K","0.13%"
"05/07/2021","23.62","23.61","23.64","23.50","4.94K","0.88%"
"05/06/2021","23.42","23.56","23.56","23.30","6.79K","-0.30%"
"05/05/2021","23.49","23.23","23.49","23.22","1.43K","2.18%"
"05/04/2021","22.99","23.40","23.40","22.91","4.72K","-1.42%"
"05/03/2021","23.32","23.30","23.40","23.15","3.51K","0.45%"
"04/30/2021","23.21","23.32","23.36","23.15","13.63K","-0.09%"
"04/29/2021","23.23","23.39","23.47","23.23","4.05K","-0.45%"
"04/28/2021","23.33","23.40","23.40","23.25","1.61K","0.28%"
"04/27/2021","23.27","23.19","23.34","23.19","238.32K","-0.13%"
"04/26/2021","23.30","23.28","23.33","23.20","1.66K","0.28%"
"04/23/2021","23.24","23.29","23.29","23.13","1.88K","-0.13%"
"04/22/2021","23.26","23.15","23.29","23.15","2.37K","0.61%"
"04/21/2021","23.13","23.10","23.20","23.00","6.13K","0.78%"
"04/20/2021","22.94","23.38","23.41","22.90","4.61K","-1.88%"
"04/19/2021","23.39","23.50","23.50","23.39","2.96K","-0.06%"
"04/16/2021","23.40","23.16","23.41","23.16","1.93K","0.86%"
"04/15/2021","23.20","23.15","23.23","23.10","4.34K","0.56%"
"04/14/2021","23.07","23.27","23.27","23.00","17.08K","0.17%"
"04/13/2021","23.03","23.06","23.08","22.94","4.72K","0.02%"
"04/12/2021","23.02","23.06","23.10","23.01","8.80K","-0.30%"
"04/09/2021","23.09","23.09","23.14","23.04","5.60K","0.04%"
"04/08/2021","23.08","23.01","23.10","23.00","43.55K","0.50%"
"04/07/2021","22.97","22.99","23.05","22.93","4.24K","-0.17%"
"04/06/2021","23.01","23.11","23.11","22.96","10.26K","0.61%"
"04/01/2021","22.87","22.81","22.90","22.77","2.32K","0.68%"
"03/31/2021","22.72","22.79","22.82","22.70","51.78K","-0.26%"
"03/30/2021","22.77","22.75","22.81","22.64","5.06K","0.71%"
"03/29/2021","22.61","22.66","22.68","22.52","3.46K","-0.02%"
"03/26/2021","22.62","22.52","22.62","22.47","3.28K","1.12%"
"03/25/2021","22.37","22.31","22.38","22.15","5.78K","0.13%"
"03/24/2021","22.34","22.24","22.39","22.20","8.37K","-0.09%"
"03/23/2021","22.36","22.38","22.42","22.21","2.96K","-0.16%"
"03/22/2021","22.40","22.29","22.42","22.25","8.17K","0.02%"
"03/19/2021","22.39","22.42","22.52","22.22","3.53K","-0.67%"
"03/18/2021","22.54","22.42","22.60","22.41","3.13K","0.56%"
"03/17/2021","22.42","22.51","22.51","22.39","2.58K","-0.38%"
"03/16/2021","22.50","22.43","22.52","22.35","20.06K","0.85%"
"03/15/2021","22.31","22.48","22.50","22.26","5.34K","0.00%"
"03/12/2021","22.31","22.27","22.32","22.22","5.48K","-0.31%"
"03/11/2021","22.38","22.36","22.40","22.30","5.64K","0.54%"
"03/10/2021","22.26","22.16","22.30","22.04","1.59K","0.34%"
"03/09/2021","22.18","22.01","22.19","21.98","3.67K","0.73%"
"03/08/2021","22.02","21.76","22.05","21.63","3.97K","2.25%"
"03/05/2021","21.54","21.66","21.82","21.41","30.14K","-0.87%"
"03/04/2021","21.73","21.68","21.78","21.56","2.15K","-0.11%"
"03/03/2021","21.75","21.92","21.94","21.62","4.09K","-0.05%"
"03/02/2021","21.76","21.69","21.87","21.63","5.28K","0.09%"
"03/01/2021","21.75","21.72","21.75","21.51","1.73K","2.09%"
"02/26/2021","21.30","21.40","21.61","21.26","4.03K","-1.78%"
"02/25/2021","21.68","21.86","21.86","21.68","2.41K","-0.23%"
"02/24/2021","21.74","21.68","21.76","21.61","3.19K","0.51%"
"02/23/2021","21.63","21.81","21.81","21.36","1.78K","-0.39%"
"02/22/2021","21.71","21.70","21.77","21.51","5.09K","-0.41%"
"02/19/2021","21.80","21.72","21.88","21.69","3.02K","0.37%"
"02/18/2021","21.72","21.97","22.03","21.70","3.13K","-0.78%"
"02/17/2021","21.89","21.99","21.99","21.85","3.07K","-0.57%"
"02/16/2021","22.01","22.11","22.14","21.98","4.89K","0.00%"
"02/15/2021","22.01","21.90","22.07","21.75","11.35K","1.31%"
"02/12/2021","21.73","21.50","21.74","21.45","5.06K","0.67%"
"02/11/2021","21.58","21.57","21.61","21.51","0.70K","0.33%"
"02/10/2021","21.51","21.61","21.64","21.40","4.17K","-0.07%"
"02/09/2021","21.52","21.57","21.58","21.40","2.01K","-0.19%"
"02/08/2021","21.57","21.59","21.65","21.51","2.32K","0.37%"
"02/05/2021","21.49","21.60","21.60","21.49","2.55K","-0.05%"
"02/04/2021","21.50","21.40","21.51","21.37","1.31K","0.58%"
"02/03/2021","21.37","21.54","21.55","21.34","1.69K","0.28%"
"02/02/2021","21.31","21.19","21.34","21.15","2.46K","1.12%"
"02/01/2021","21.08","20.95","21.10","20.89","4.31K","1.52%"
"01/29/2021","20.76","20.90","21.07","20.76","6.60K","-2.12%"
"01/28/2021","21.21","20.98","21.25","20.70","6.75K","0.17%"
"01/27/2021","21.17","21.33","21.47","20.92","5.45K","-1.17%"
"01/26/2021","21.42","21.31","21.54","21.29","3.46K","0.63%"
"01/25/2021","21.29","21.59","21.59","21.20","4.52K","-0.93%"
"01/22/2021","21.49","21.53","21.53","21.33","2.16K","-0.56%"
"01/21/2021","21.61","21.73","21.74","21.60","2.85K","-0.05%"
"01/20/2021","21.62","21.55","21.65","21.50","1.62K","0.84%"
"01/19/2021","21.44","21.60","21.60","21.41","1.78K","-0.23%"
"01/18/2021","21.49","21.42","21.50","21.38","1.69K","0.21%"
"01/15/2021","21.44","21.60","21.61","21.32","3.91K","-0.97%"
"01/14/2021","21.66","21.58","21.68","21.55","245.47K","0.58%"
"01/13/2021","21.53","21.50","21.56","21.45","1.47K","0.28%"
"01/12/2021","21.47","21.58","21.58","21.41","2.48K","0.07%"
"01/11/2021","21.45","21.55","21.61","21.35","5.44K","-0.65%"
"01/08/2021","21.59","21.65","21.65","21.47","456.06K","0.51%"
"01/07/2021","21.49","21.55","21.55","21.32","1.31K","0.51%"
"01/06/2021","21.38","21.18","21.41","21.05","1.63K","1.66%"
"01/05/2021","21.02","21.02","21.16","20.92","2.22K","-0.36%"
"01/04/2021","21.10","21.28","21.33","21.05","6.40K","0.86%"
"12/31/2020","20.92","20.94","21.00","20.83","3.17K","-0.59%"
"12/30/2020","21.05","21.16","21.17","21.00","1.40K","-0.36%"
"12/29/2020","21.12","21.03","21.20","21.03","2.43K","0.64%"
"12/28/2020","20.99","21.05","21.06","20.83","12.34K","0.77%"
"12/24/2020","20.83","20.93","20.93","20.76","2.54K","0.34%"
"12/23/2020","20.75","20.65","20.81","20.57","1.45K","0.95%"
"12/22/2020","20.56","20.44","20.57","20.40","13.36K","1.03%"
"12/21/2020","20.35","20.40","20.49","20.05","6.92K","-2.28%"
"12/18/2020","20.83","20.89","20.93","20.81","1.24K","-0.24%"
"12/17/2020","20.88","20.92","21.00","20.82","1.91K","0.34%"
"12/16/2020","20.81","20.77","20.88","20.74","3.54K","0.70%"
"12/15/2020","20.66","20.57","20.72","20.57","1.58K","0.44%"
"12/14/2020","20.57","20.72","20.75","20.57","435.00K","0.39%"
"12/11/2020","20.49","20.67","20.67","20.35","81.25K","-1.06%"
"12/10/2020","20.71","20.81","20.81","20.60","1.78K","-0.22%"
"12/09/2020","20.75","20.81","20.85","20.75","0.64K","0.12%"
"12/08/2020","20.73","20.59","20.73","20.52","4.14K","0.29%"
"12/07/2020","20.67","20.70","20.74","20.50","4.26K","-0.24%"
"12/04/2020","20.72","20.63","20.72","20.59","1.71K","0.58%"
"12/03/2020","20.60","20.60","20.61","20.50","3.15K","0.19%"
"12/02/2020","20.56","20.52","20.58","20.48","0.82K","-0.17%"
"12/01/2020","20.59","20.61","20.65","20.50","326.54K","0.59%"
"11/30/2020","20.48","20.64","20.67","20.48","2.83K","-0.70%"
"11/27/2020","20.62","20.57","20.67","20.56","2.89K","0.24%"
"11/26/2020","20.57","20.66","20.66","20.56","161.41K","-0.19%"
"11/25/2020","20.61","20.70","20.70","20.52","6.30K","-0.22%"
"11/24/2020","20.66","20.59","20.66","20.51","7.21K","0.98%"
"11/23/2020","20.45","20.58","20.67","20.43","4.00K","0.00%"
"11/20/2020","20.45","20.37","20.50","20.37","1.02K","0.76%"
"11/19/2020","20.30","20.37","20.40","20.30","14.33K","-1.02%"
"11/18/2020","20.50","20.36","20.52","20.33","5.49K","0.51%"
"11/17/2020","20.40","20.48","20.48","20.30","2.10K","-0.54%"
"11/16/2020","20.51","20.35","20.58","20.27","2.70K","1.31%"
"11/13/2020","20.25","20.17","20.28","20.17","1.69K","0.20%"
"11/12/2020","20.20","20.25","20.33","20.18","0.57K","-0.96%"
"11/11/2020","20.40","20.24","20.42","20.24","2.06K","1.24%"
"11/10/2020","20.15","20.05","20.20","19.92","3.77K","0.79%"
"11/09/2020","19.99","19.50","20.24","19.39","15.92K","4.20%"
"11/06/2020","19.19","19.24","19.24","19.07","1.10K","-0.21%"
"11/05/2020","19.23","19.20","19.26","19.13","1.20K","0.97%"
"11/04/2020","19.04","18.65","19.05","18.50","5.44K","2.07%"
"11/03/2020","18.66","18.41","18.69","18.41","3.36K","2.29%"
"11/02/2020","18.24","17.98","18.27","17.91","4.20K","1.59%"
"10/30/2020","17.95","17.78","17.98","17.78","2.74K","0.07%"
"10/29/2020","17.94","18.03","18.06","17.80","255.35K","-0.31%"
"10/28/2020","18.00","18.23","18.23","17.84","36.00K","-2.64%"
"10/27/2020","18.48","18.73","18.73","18.47","4.23K","-1.05%"
"10/26/2020","18.68","18.72","18.92","18.68","3.26K","-1.63%"
"10/23/2020","18.99","18.87","19.07","18.87","1.35K","0.69%"
"10/22/2020","18.86","18.75","18.88","18.69","2.14K","-0.42%"
"10/21/2020","18.94","19.23","19.23","18.89","0.58K","-1.10%"
"10/20/2020","19.15","19.34","19.37","19.13","0.47K","-0.67%"
"10/19/2020","19.28","19.41","19.43","19.26","0.23K","0.17%"
"10/16/2020","19.25","19.15","19.30","19.12","1.32K","1.31%"
"10/15/2020","19.00","19.16","19.16","18.92","2.83K","-1.99%"
"10/14/2020","19.39","19.42","19.48","19.36","2.04K","-0.12%"
"10/13/2020","19.41","19.52","19.52","19.39","1.60K","-0.58%"
"10/12/2020","19.52","19.43","19.55","19.40","1.15K","0.73%"
"10/09/2020","19.38","19.38","19.41","19.29","1.09K","0.59%"
"10/08/2020","19.27","19.26","19.31","19.18","2.58K","0.70%"
"10/07/2020","19.13","19.15","19.20","19.10","0.77K","-0.14%"
"10/06/2020","19.16","19.18","19.23","19.09","0.71K","0.10%"
"10/05/2020","19.14","19.18","19.18","19.09","1.45K","0.86%"
"10/02/2020","18.98","18.76","18.98","18.76","4.99K","0.14%"
"10/01/2020","18.95","19.07","19.08","18.89","3.89K","0.32%"
"09/30/2020","18.89","18.89","19.01","18.85","0.76K","-0.21%"
"09/29/2020","18.93","18.99","18.99","18.89","1.18K","-0.59%"
"09/28/2020","19.04","18.92","19.05","18.89","1.82K","2.49%"
"09/25/2020","18.58","18.65","18.69","18.42","1.86K","-0.33%"
"09/24/2020","18.64","18.65","18.76","18.58","21.51K","-1.12%"
"09/23/2020","18.85","18.86","19.02","18.83","3.22K","0.63%"
"09/22/2020","18.74","18.82","18.82","18.74","1.06K","0.21%"
"09/21/2020","18.70","19.12","19.12","18.63","9.61K","-2.96%"
"09/18/2020","19.27","19.43","19.46","19.27","20.36K","-0.80%"
"09/17/2020","19.42","19.30","19.46","19.30","3.90K","-0.46%"
"09/16/2020","19.51","19.48","19.51","19.43","0.50K","0.43%"
"09/15/2020","19.43","19.30","19.46","19.28","0.49K","0.66%"
"09/14/2020","19.30","19.40","19.40","19.26","1.76K","0.17%"
"09/11/2020","19.27","19.21","19.32","19.17","0.84K","0.12%"
"09/10/2020","19.24","19.39","19.39","19.24","3.07K","-0.57%"
"09/09/2020","19.35","19.10","19.36","19.10","10.72K","1.70%"
"09/08/2020","19.03","19.31","19.31","18.90","23.13K","-1.16%"
"09/07/2020","19.25","19.09","19.27","19.09","1.19K","1.26%"
"09/04/2020","19.01","19.01","19.28","18.88","6.82K","-1.04%"
"09/03/2020","19.21","19.64","19.67","19.10","1.49K","-1.09%"
"09/02/2020","19.43","19.27","19.50","19.27","4.42K","1.67%"
"09/01/2020","19.11","19.29","19.30","19.00","2.19K","-0.20%"
"08/31/2020","19.14","19.45","19.46","19.14","3.43K","-0.82%"
"08/28/2020","19.30","19.43","19.43","19.23","1.33K","-0.58%"
"08/27/2020","19.41","19.50","19.51","19.41","1.01K","-0.53%"
"08/26/2020","19.52","19.31","19.52","19.27","0.44K","0.80%"
"08/25/2020","19.36","19.54","19.58","19.36","2.10K","-0.33%"
"08/24/2020","19.43","19.34","19.45","19.34","2.60K","1.63%"
"08/21/2020","19.12","19.21","19.23","18.99","1.18K","-0.23%"
"08/20/2020","19.16","19.13","19.23","19.10","1.27K","-0.97%"
"08/19/2020","19.35","19.15","19.35","19.15","0.19K","0.42%"
"08/18/2020","19.27","19.24","19.41","19.20","1.50K","-0.32%"
"08/17/2020","19.33","19.28","19.34","19.26","1.03K","0.37%"
"08/14/2020","19.26","19.42","19.42","19.12","1.27K","-1.35%"
"08/13/2020","19.52","19.58","19.58","19.51","0.42K","-0.44%"
"08/12/2020","19.61","19.37","19.65","19.37","0.98K","1.23%"
"08/11/2020","19.37","19.26","19.47","19.26","2.02K","1.58%"
"08/10/2020","19.07","19.06","19.12","19.00","0.62K","0.39%"
"08/07/2020","18.99","18.96","19.02","18.87","0.66K","0.26%"
"08/06/2020","18.94","19.02","19.02","18.86","1.93K","-0.64%"
"08/05/2020","19.07","19.13","19.19","19.04","0.81K","0.46%"
"08/04/2020","18.98","19.13","19.13","18.92","1.74K","-0.17%"
"08/03/2020","19.01","18.66","19.04","18.57","2.00K","1.89%"
"07/31/2020","18.66","18.84","18.97","18.64","2.67K","-0.96%"
"07/30/2020","18.84","19.24","19.24","18.68","5.18K","-2.10%"
"07/29/2020","19.24","19.28","19.30","19.24","0.83K","-0.06%"
"07/28/2020","19.25","19.23","19.28","19.12","2.03K","0.26%"
"07/27/2020","19.20","19.22","19.26","19.15","1.11K","-0.22%"
"07/24/2020","19.25","19.32","19.33","19.17","4.11K","-1.66%"
"07/23/2020","19.57","19.68","19.73","19.56","0.83K","0.00%"
"07/22/2020","19.57","19.67","19.67","19.52","0.53K","-0.92%"
"07/21/2020","19.75","19.84","19.94","19.73","2.03K","0.15%"
"07/20/2020","19.72","19.50","19.72","19.40","1.62K","0.93%"
"07/17/2020","19.54","19.60","19.60","19.50","1.08K","0.14%"
"07/16/2020","19.51","19.49","19.53","19.40","0.94K","-0.45%"
"07/15/2020","19.60","19.48","19.70","19.41","5.88K","1.59%"
"07/14/2020","19.30","19.23","19.30","19.10","0.45K","-0.68%"
"07/13/2020","19.43","19.40","19.43","19.31","13.38K","1.10%"
"07/10/2020","19.22","19.00","19.27","19.00","5.86K","0.80%"
"07/09/2020","19.06","19.33","19.33","19.05","5.64K","-0.74%"
"07/08/2020","19.21","19.23","19.31","19.20","1.94K","-0.60%"
"07/07/2020","19.32","19.34","19.34","19.24","1.03K","-0.53%"
"07/06/2020","19.42","19.44","19.44","19.37","0.28K","1.44%"
"07/03/2020","19.15","19.33","19.34","19.09","0.60K","-0.69%"
"07/02/2020","19.28","19.09","19.33","19.08","1.77K","1.85%"
"07/01/2020","18.93","19.02","19.20","18.68","1.77K","0.23%"
"06/30/2020","18.89","18.89","18.90","18.80","2.63K","0.11%"
"06/29/2020","18.87","18.75","18.91","18.70","22.00K","0.24%"
"06/26/2020","18.82","19.03","19.10","18.82","6.43K","-0.07%"
"06/25/2020","18.84","18.67","18.87","18.50","2.44K","0.57%"
"06/24/2020","18.73","19.17","19.17","18.73","1.69M","-2.78%"
"06/23/2020","19.27","19.14","19.30","19.14","2.04K","1.27%"
"06/22/2020","19.02","18.94","19.20","18.94","1.10K","-0.65%"
"06/19/2020","19.15","19.19","19.26","19.13","0.59K","0.66%"
"06/18/2020","19.02","19.08","19.18","18.96","0.47K","-0.72%"
"06/17/2020","19.16","19.08","19.24","19.04","1.04K","0.80%"
"06/16/2020","19.01","18.89","19.18","18.80","3.06K","2.88%"
"06/15/2020","18.48","18.11","18.54","18.08","5.24K","-0.43%"
"06/12/2020","18.56","18.31","18.80","18.31","467.08K","0.08%"
"06/11/2020","18.54","18.86","18.90","18.54","4.25K","-3.77%"
"06/10/2020","19.27","19.49","19.49","19.23","2.57K","-0.38%"
"06/09/2020","19.34","19.64","19.64","19.28","151.63K","-1.19%"
"06/08/2020","19.57","19.47","19.62","19.47","6.04K","-0.23%"
"06/05/2020","19.62","19.27","19.62","19.27","168.32K","2.44%"
"06/04/2020","19.15","19.17","19.29","19.10","5.95K","-0.67%"
"06/03/2020","19.28","19.00","19.29","18.80","3.69K","2.56%"
"06/02/2020","18.80","18.74","18.84","18.69","2.54K","1.05%"
"06/01/2020","18.60","18.60","18.62","18.46","1.58K","1.58%"
"05/29/2020","18.31","18.46","18.50","18.31","3.20K","-1.59%"
"05/28/2020","18.61","18.43","18.63","18.43","2.38K","1.67%"
"05/27/2020","18.30","18.35","18.49","18.26","3.98K","0.34%"
"05/26/2020","18.24","18.30","18.32","18.20","6.61K","0.78%"
"05/25/2020","18.10","17.95","18.12","17.88","4.10K","1.69%"
"05/22/2020","17.80","17.57","17.84","17.57","0.60K","-0.09%"
"05/21/2020","17.82","17.81","17.96","17.78","0.97K","-0.88%"
"05/20/2020","17.97","17.76","17.97","17.69","0.97K","0.99%"
"05/19/2020","17.80","17.99","17.99","17.70","0.78K","-0.45%"
"05/18/2020","17.88","17.53","17.88","17.48","8.11K","3.88%"
"05/15/2020","17.21","17.43","17.43","17.17","4.43K","-0.12%"
"05/14/2020","17.23","17.37","17.37","16.96","4.28K","-1.52%"
"05/13/2020","17.50","17.69","17.81","17.48","7.34K","-1.92%"
"05/12/2020","17.84","17.79","17.90","17.79","0.92K","0.26%"
"05/11/2020","17.79","17.98","17.98","17.68","3.02K","-0.51%"
"05/08/2020","17.88","17.86","17.88","17.84","0.45K","1.02%"
"05/07/2020","17.70","17.61","17.71","17.61","0.76K","1.14%"
"05/06/2020","17.50","17.58","17.66","17.50","2.06K","-0.28%"
"05/05/2020","17.55","17.46","17.55","17.42","153.09K","1.94%"
"05/04/2020","17.22","17.20","17.40","17.00","5.78K","-3.17%"
"04/30/2020","17.78","18.27","18.28","17.78","4.12K","-2.10%"
"04/29/2020","18.17","17.91","18.20","17.85","2.58K","1.72%"
"04/28/2020","17.86","17.62","17.96","17.62","2.75K","1.73%"
"04/27/2020","17.55","17.57","17.59","17.46","2.72K","1.83%"
"04/24/2020","17.24","17.26","17.41","17.20","2.33K","-0.89%"
"04/23/2020","17.39","17.36","17.50","17.19","1.11K","0.72%"
"04/22/2020","17.27","17.09","17.27","17.09","0.56K","1.80%"
"04/21/2020","16.96","17.42","17.42","16.96","2.14K","-3.34%"
"04/20/2020","17.55","17.50","17.55","17.29","6.99K","0.55%"
"04/17/2020","17.45","17.49","17.59","17.35","35.82K","2.68%"
"04/16/2020","17.00","17.12","17.12","16.95","7.39K","0.28%"
"04/15/2020","16.95","17.49","17.49","16.90","7.19K","-2.92%"
"04/14/2020","17.46","17.49","17.65","17.44","5.03K","0.65%"
"04/09/2020","17.35","17.24","17.44","17.10","2.37K","1.43%"
"04/08/2020","17.10","17.01","17.10","16.85","1.91K","0.16%"
"04/07/2020","17.07","17.20","17.34","17.00","4.12K","1.69%"
"04/06/2020","16.79","16.76","16.80","16.60","6.84K","3.68%"
"04/03/2020","16.19","16.34","16.35","16.19","2.67K","-1.44%"
"04/02/2020","16.43","16.50","16.50","16.12","3.93K","0.88%"
"04/01/2020","16.29","16.24","16.43","16.17","4.02K","-2.85%"
"03/31/2020","16.76","16.85","16.85","16.49","3.69K","1.48%"
"03/30/2020","16.52","16.21","16.52","15.89","4.20K","0.92%"
"03/27/2020","16.37","16.57","16.57","16.10","9.09K","-2.79%"
"03/26/2020","16.84","16.03","16.84","16.03","8.11K","2.25%"
"03/25/2020","16.47","16.35","16.69","15.86","6.34K","3.82%"
"03/24/2020","15.86","15.26","15.86","15.25","4.35K","7.71%"
"03/23/2020","14.73","15.86","15.86","14.66","7.31K","-3.83%"
"03/20/2020","15.31","15.60","15.80","15.31","6.79K","1.66%"
"03/19/2020","15.06","14.92","15.06","14.50","3.73K","3.60%"
"03/18/2020","14.54","14.81","14.90","14.48","15.27K","-4.78%"
"03/17/2020","15.27","15.32","15.32","14.41","26.26K","2.76%"
"03/16/2020","14.86","14.82","15.01","14.08","21.27K","-5.35%"
"03/13/2020","15.70","15.83","16.71","15.40","6.59K","2.01%"
"03/12/2020","15.39","16.54","16.54","15.34","17.96K","-11.35%"
"03/11/2020","17.36","17.75","17.81","17.34","13.17K","-1.08%"
"03/10/2020","17.55","17.95","18.42","17.44","38.23K","-0.85%"
"03/09/2020","17.70","18.03","18.44","17.51","7.27K","-7.48%"
"03/06/2020","19.13","19.54","19.54","19.03","13.96K","-3.63%"
"03/05/2020","19.85","20.27","20.27","19.74","3.54K","-1.44%"
"03/04/2020","20.14","19.81","20.25","19.80","5.21K","1.36%"
"03/03/2020","19.87","19.97","20.23","19.87","21.36K","1.43%"
"03/02/2020","19.59","19.97","19.99","19.26","3.11K","-0.05%"
"02/28/2020","19.60","19.68","19.78","19.35","7.13K","-3.31%"
"02/27/2020","20.27","20.70","20.73","20.06","3.94K","-3.61%"
"02/26/2020","21.03","20.86","21.04","20.50","1.30K","0.10%"
"02/25/2020","21.01","21.57","21.57","21.01","2.91K","-1.82%"
"02/24/2020","21.40","21.71","21.71","21.30","3.31K","-3.78%"
"02/21/2020","22.24","22.35","22.36","22.20","0.75K","-0.45%"
"02/20/2020","22.34","22.54","22.54","22.34","0.29K","-0.84%"
"02/19/2020","22.53","22.46","22.53","22.46","1.44K","0.76%"
"02/18/2020","22.36","22.30","22.38","22.25","6.16K","-0.31%"
"02/17/2020","22.43","22.45","22.45","22.41","0.51K","0.22%"
"02/14/2020","22.38","22.41","22.48","22.38","0.65K","-0.13%"
"02/13/2020","22.41","22.36","22.41","22.20","3.82K","-0.04%"
"02/12/2020","22.42","22.34","22.49","22.34","0.46K","0.63%"
"02/11/2020","22.28","22.21","22.32","22.21","2.15K","0.91%"
"02/10/2020","22.08","22.03","22.08","22.00","1.99K","0.05%"
"02/07/2020","22.07","22.11","22.11","22.02","1.06K","-0.23%"
"02/06/2020","22.12","22.19","22.19","22.10","0.14K","0.23%"
"02/05/2020","22.07","21.73","22.07","21.73","7.56K","1.38%"
"02/04/2020","21.77","21.55","21.77","21.55","0.34K","1.59%"
"02/03/2020","21.43","21.41","21.45","21.39","0.78K","0.33%"
"01/31/2020","21.36","21.71","21.71","21.36","3.88K","-1.20%"
"01/30/2020","21.62","21.70","21.70","21.57","1.66K","-1.01%"
"01/29/2020","21.84","21.78","21.86","21.78","0.70K","0.23%"
"01/28/2020","21.79","21.65","21.79","21.55","1.47K","1.11%"
"01/27/2020","21.55","21.80","21.80","21.55","5.78K","-2.40%"
"01/24/2020","22.08","22.07","22.16","22.07","0.16K","0.87%"
"01/23/2020","21.89","21.97","22.29","21.61","7.73K","-0.68%"
"01/22/2020","22.04","22.11","22.11","22.04","0.89K","0.00%"
"01/21/2020","22.04","21.95","22.04","21.91","1.75K","-0.27%"
"01/20/2020","22.10","22.11","22.13","22.09","2.69K","-0.05%"
"01/17/2020","22.11","22.00","22.12","22.00","0.34K","0.96%"
"01/16/2020","21.90","21.89","21.90","21.86","0.92K","0.18%"
"01/15/2020","21.86","21.88","21.88","21.80","0.16K","0.09%"
"01/14/2020","21.84","21.80","21.84","21.70","0.85K","0.32%"
"01/13/2020","21.77","21.84","21.84","21.75","0.73K","-0.23%"
"01/10/2020","21.82","21.93","21.93","21.82","1.13K","-0.18%"
"01/09/2020","21.86","21.93","21.96","21.85","0.96K","0.32%"
"01/08/2020","21.79","21.70","21.82","21.68","1.53K","0.18%"
"01/07/2020","21.75","21.82","21.86","21.70","1.24K","0.18%"
"01/06/2020","21.71","21.68","21.73","21.52","2.01K","-0.37%"
"01/03/2020","21.79","21.72","21.79","21.68","0.47K","-0.41%"
"01/02/2020","21.88","21.82","21.93","21.81","3.35K","0.97%"
"12/31/2019","21.67","21.70","21.75","21.67","0.27K","0.14%"
"12/30/2019","21.64","21.84","21.84","21.64","8.05K","-1.01%"
"12/27/2019","21.86","21.84","22.05","21.84","11.51K","0.28%"
"12/24/2019","21.80","21.85","21.86","21.71","0.37K","-0.14%"
"12/23/2019","21.83","21.80","21.83","21.77","1.35K","0.28%"
"12/20/2019","21.77","21.66","21.78","21.66","2.06K","0.74%"
"12/19/2019","21.61","21.62","21.62","21.55","0.33K","0.00%"
"12/18/2019","21.61","21.61","21.68","21.61","0.37K","0.14%"
"12/17/2019","21.58","21.67","21.67","21.58","1.31K","-0.78%"
"12/16/2019","21.75","21.57","21.75","21.57","0.95K","1.49%"
"12/13/2019","21.43","21.45","21.45","21.43","0.30K","0.94%"
"12/12/2019","21.23","21.19","21.23","21.10","3.12K","0.52%"
"12/11/2019","21.12","21.13","21.17","20.99","0.76K","0.05%"
"12/10/2019","21.11","21.09","21.11","20.93","1.18K","-0.14%"
"12/09/2019","21.14","21.20","21.20","21.14","0.36K","-0.28%"
"12/06/2019","21.20","21.02","21.20","20.98","0.43K","1.29%"
"12/05/2019","20.93","21.02","21.10","20.93","0.40K","-0.14%"
"12/04/2019","20.96","20.78","20.98","20.78","0.32K","1.11%"
"12/03/2019","20.73","20.95","20.95","20.70","1.61K","-0.67%"
"12/02/2019","20.87","21.28","21.33","20.87","1.79K","-1.60%"
"11/29/2019","21.21","21.23","21.30","21.21","0.25K","-0.42%"
"11/28/2019","21.30","21.30","21.32","21.30","0.78K","-0.19%"
"11/27/2019","21.34","21.34","21.37","21.34","0.57K","0.33%"
"11/26/2019","21.27","21.24","21.27","21.21","0.07K","0.09%"
"11/25/2019","21.25","21.18","21.26","21.18","0.14K","1.00%"
"11/22/2019","21.04","21.00","21.07","21.00","0.34K","0.48%"
"11/21/2019","20.94","20.89","20.96","20.88","0.86K","-0.38%"
"11/20/2019","21.02","21.00","21.02","20.95","2.95K","-0.43%"
"11/19/2019","21.11","21.18","21.30","21.11","1.28K","-0.14%"
"11/18/2019","21.14","21.18","21.19","21.11","1.44K","0.00%"
"11/15/2019","21.14","21.14","21.16","21.11","0.85K","0.33%"
"11/14/2019","21.07","21.13","21.13","21.07","0.34K","-0.33%"
"11/13/2019","21.14","21.15","21.15","21.01","0.37K","-0.24%"
"11/12/2019","21.19","21.16","21.19","21.13","1.03K","0.47%"
"11/11/2019","21.09","21.07","21.09","21.00","1.29K","-0.09%"
"11/08/2019","21.11","21.11","21.11","21.08","0.99K","-0.24%"
"11/07/2019","21.16","21.16","21.20","21.14","0.85K","0.33%"
"11/06/2019","21.09","21.05","21.10","21.02","0.40K","0.24%"
"11/05/2019","21.04","21.02","21.05","21.02","0.05K","0.10%"
"11/04/2019","21.02","20.89","21.02","20.89","0.59K","1.11%"
"11/01/2019","20.79","20.72","20.83","20.72","0.15K","0.63%"
"10/31/2019","20.66","20.75","20.79","20.66","1.00K","-0.48%"
"10/30/2019","20.76","20.73","20.76","20.73","0.27K","0.14%"
"10/29/2019","20.73","20.77","20.77","20.67","3.86K","-0.19%"
"10/28/2019","20.77","21.03","21.03","20.72","10.78K","0.24%"
"10/25/2019","20.72","20.73","20.73","20.61","2.59K","0.19%"
"10/24/2019","20.68","20.62","20.73","20.62","3.82K","0.53%"
"10/23/2019","20.57","20.46","20.57","20.46","0.40K","0.10%"
"10/22/2019","20.55","20.51","20.55","20.44","0.81K","0.15%"
"10/21/2019","20.52","20.45","20.52","20.45","0.51K","0.64%"
"10/18/2019","20.39","20.43","20.43","20.35","0.38K","-0.29%"
"10/17/2019","20.45","20.43","20.62","20.43","1.30K","-0.05%"
"10/16/2019","20.46","20.50","20.52","20.43","2.93K","-0.29%"
"10/15/2019","20.52","20.42","20.54","20.37","0.25K","1.08%"
"10/14/2019","20.30","20.60","20.60","20.18","0.32K","-0.39%"
"10/11/2019","20.38","20.04","20.38","20.04","0.72K","2.05%"
"10/10/2019","19.97","19.75","19.97","19.75","0.01K","0.81%"
"10/09/2019","19.81","19.70","19.85","19.70","0.57K","0.51%"
"10/08/2019","19.71","19.95","19.96","19.71","0.26K","-1.20%"
"10/07/2019","19.95","19.80","19.95","19.80","0.09K","0.71%"
"10/04/2019","19.81","19.68","19.81","19.68","0.76K","0.87%"
"10/03/2019","19.64","19.65","19.68","19.50","2.97K","0.05%"
"10/02/2019","19.63","20.17","20.17","19.63","1.01K","-2.63%"
"10/01/2019","20.16","20.55","20.55","20.16","5.38K","-1.56%"
"09/30/2019","20.48","20.40","20.51","20.40","0.68K","0.34%"
"09/27/2019","20.41","20.41","20.41","20.39","0.03K","0.44%"
"09/26/2019","20.32","20.16","20.34","20.16","0.17K","0.79%"
"09/25/2019","20.16","20.21","20.21","20.05","0.83K","-0.79%"
"09/24/2019","20.32","20.38","20.38","20.32","0.08K","0.10%"
"09/23/2019","20.30","20.43","20.43","20.24","0.81K","-0.73%"
"09/20/2019","20.45","20.48","20.48","20.45","1.59K","0.20%"
"09/19/2019","20.41","20.27","20.41","20.26","0.67K","0.69%"
"09/18/2019","20.27","20.26","20.30","20.26","0.34K","0.10%"
"09/17/2019","20.25","20.24","20.27","20.20","0.40K","-0.20%"
"09/16/2019","20.29","20.34","20.34","20.29","0.74K","-0.49%"
"09/13/2019","20.39","20.34","20.39","20.07","0.67K","0.15%"
"09/12/2019","20.36","20.34","20.47","20.30","47.99K","0.30%"
"09/11/2019","20.30","20.21","20.30","20.21","0.13K","0.89%"
"09/10/2019","20.12","20.07","20.12","20.07","0.00K","0.15%"
"09/09/2019","20.09","20.20","20.20","20.09","0.12K","-0.25%"
"09/06/2019","20.14","20.07","20.14","20.07","0.43K","0.25%"
"09/05/2019","20.09","20.07","20.09","20.04","0.01K","0.90%"
"09/04/2019","19.91","19.90","19.97","19.90","18.86K","0.76%"
"09/03/2019","19.76","19.75","19.78","19.71","0.21K","-0.20%"
"09/02/2019","19.80","19.81","19.85","19.78","0.36K","0.10%"
"08/30/2019","19.78","19.61","20.00","19.61","23.96K","0.92%"
"08/29/2019","19.60","19.38","19.62","19.38","0.13K","1.03%"
"08/28/2019","19.40","19.66","19.66","19.30","10.51K","-0.15%"
"08/27/2019","19.43","19.26","19.43","19.26","0.08K","0.52%"
"08/26/2019","19.33","19.24","19.33","19.24","0.11K","0.21%"
"08/23/2019","19.29","19.54","19.54","19.29","0.07K","-0.82%"
"08/22/2019","19.45","19.46","19.51","19.45","0.10K","-0.36%"
"08/21/2019","19.52","19.38","19.56","19.38","0.25K","1.14%"
"08/20/2019","19.30","19.45","19.49","19.30","0.93K","-0.67%"
"08/19/2019","19.43","19.38","19.43","19.33","0.18K","1.09%"
"08/16/2019","19.22","19.03","19.22","19.03","0.20K","1.32%"
"08/15/2019","18.97","19.06","19.06","18.80","1.32K","-0.26%"
"08/14/2019","19.02","19.33","19.33","19.01","1.11K","-1.60%"
"08/13/2019","19.33","19.17","19.41","19.08","1.79K","0.52%"
"08/12/2019","19.23","19.40","19.40","19.23","6.82K","-0.31%"
"08/09/2019","19.29","19.41","19.41","19.29","0.01K","-0.87%"
"08/08/2019","19.46","19.30","19.46","19.30","","1.88%"
"08/07/2019","19.10","19.10","19.25","19.00","0.78K","0.32%"
"08/06/2019","19.04","19.15","19.27","19.04","2.76K","-0.52%"
"08/05/2019","19.14","19.44","19.45","19.12","4.80K","-2.35%"
"08/02/2019","19.60","19.76","19.80","19.60","1.20K","-2.58%"
"08/01/2019","20.12","19.98","20.12","19.98","0.29K","0.50%"
"07/31/2019","20.02","19.98","20.06","19.98","2.36K","0.10%"
"07/30/2019","20.00","20.20","20.20","20.00","1.55K","-1.48%"
"07/29/2019","20.30","20.23","20.36","20.23","3.08K","0.15%"
"07/26/2019","20.27","20.40","20.50","20.25","2.47K","0.35%"
"07/25/2019","20.20","20.42","20.50","20.14","1.99K","-0.59%"
"07/24/2019","20.32","20.32","20.60","20.30","4.72K","0.10%"
"07/23/2019","20.30","20.40","20.40","20.22","0.22K","0.94%"
"07/22/2019","20.11","20.06","20.13","20.06","20.84K","0.20%"
"07/19/2019","20.07","20.16","20.18","20.05","5.96K","0.05%"
"07/18/2019","20.06","20.00","20.09","20.00","0.98K","-0.15%"
"07/17/2019","20.09","20.19","20.20","20.09","0.37K","-0.45%"
"07/16/2019","20.18","20.12","20.18","20.12","0.17K","0.35%"
"07/15/2019","20.11","20.11","20.14","20.04","8.10K","0.25%"
"07/12/2019","20.06","20.07","20.12","20.06","4.31K","0.00%"
"07/11/2019","20.06","20.16","20.16","20.06","0.71K","-0.20%"
"07/10/2019","20.10","20.13","20.21","20.09","0.77K","-0.15%"
"07/09/2019","20.13","20.16","20.16","20.07","0.29K","-0.64%"
"07/08/2019","20.26","20.20","20.26","20.20","3.60K","0.05%"
"07/05/2019","20.25","20.38","20.38","20.25","7.61K","-0.69%"
"07/04/2019","20.39","20.39","20.41","20.38","2.03K","0.15%"
"07/03/2019","20.36","20.26","20.38","20.26","0.14K","0.79%"
"07/02/2019","20.20","20.18","20.21","20.14","4.17K","0.40%"
"07/01/2019","20.12","20.48","20.48","20.12","0.65K","0.85%"
"06/28/2019","19.95","19.85","19.95","19.85","0.58K","0.66%"
"06/27/2019","19.82","19.86","19.90","19.82","0.01K","-0.20%"
"06/26/2019","19.86","19.84","19.92","19.84","0.62K","-0.15%"
"06/25/2019","19.89","19.85","19.89","19.85","0.11K","-0.15%"
"06/24/2019","19.92","19.97","19.97","19.92","0.33K","-0.20%"
"06/21/2019","19.96","20.07","20.07","19.96","1.17K","-0.40%"
"06/20/2019","20.04","20.09","20.11","20.04","0.28K","0.45%"
"06/19/2019","19.95","19.95","19.97","19.94","0.40K","0.05%"
"06/18/2019","19.94","19.62","19.94","19.58","1.51K","1.68%"
"06/17/2019","19.61","19.67","19.67","19.60","1.09K","-0.15%"
"06/14/2019","19.64","19.64","19.64","19.60","0.55K","-0.30%"
"06/13/2019","19.70","19.65","19.74","19.65","0.11K","0.10%"
"06/12/2019","19.68","19.64","19.68","19.64","0.12K","-0.35%"
"06/11/2019","19.75","19.67","19.80","19.67","1.98K","0.61%"
"06/10/2019","19.63","19.64","19.64","19.63","1.05K","0.41%"
"06/07/2019","19.55","19.47","19.55","19.47","0.38K","0.88%"
"06/06/2019","19.38","19.39","19.48","19.35","3.45K","0.10%"
"06/05/2019","19.36","19.32","19.41","19.32","0.98K","0.31%"
"06/04/2019","19.30","19.07","19.35","19.07","0.20K","0.57%"
"06/03/2019","19.19","19.02","19.19","19.02","0.68K","0.31%"
"05/31/2019","19.13","19.10","19.13","19.04","0.55K","-0.83%"
"05/30/2019","19.29","19.28","19.34","19.28","2.04K","0.47%"
"05/29/2019","19.20","19.33","19.33","19.20","2.87K","-1.39%"
"05/28/2019","19.47","19.55","19.55","19.44","1.70K","-0.26%"
"05/27/2019","19.52","19.58","19.58","19.52","1.03K","0.36%"
"05/24/2019","19.45","19.42","19.45","19.42","","0.62%"
"05/23/2019","19.33","19.49","19.49","19.33","0.04K","-1.48%"
"05/22/2019","19.62","19.61","19.63","19.61","0.10K","-0.05%"
"05/21/2019","19.63","19.59","19.65","19.59","0.19K","0.62%"
"05/20/2019","19.51","19.70","19.70","19.51","","-0.96%"
"05/17/2019","19.70","19.70","19.70","19.70","","0.92%"